{"type":"FeatureCollection","features":[{"type":"Feature","id":1,"properties":{"sid":1,"lb_mm":0,"exact":0,"gw_mm":25539,"detail_id":1},"geometry":{"type":"LineString","coordinates":[[-87.53402949552779,41.71409436725716],[-87.53406399018662,41.71432284940836]]}},{"type":"Feature","id":2,"properties":{"sid":2,"lb_mm":0,"exact":0,"gw_mm":29250,"detail_id":2},"geometry":{"type":"LineString","coordinates":[[-87.53406399018662,41.71432284940836],[-87.53406416892044,41.71458620074039]]}},{"type":"Feature","id":3,"properties":{"sid":3,"lb_mm":0,"exact":0,"gw_mm":138130,"detail_id":3},"geometry":{"type":"LineString","coordinates":[[-87.53406416892044,41.71458620074039],[-87.53406611585132,41.71582985953301]]}},{"type":"Feature","id":4,"properties":{"sid":4,"lb_mm":0,"exact":0,"gw_mm":158189,"detail_id":4},"geometry":{"type":"LineString","coordinates":[[-87.53406611585132,41.71582985953301],[-87.53407117715133,41.717254114788695]]}},{"type":"Feature","id":5,"properties":{"sid":5,"lb_mm":0,"exact":0,"gw_mm":29104,"detail_id":5},"geometry":{"type":"LineString","coordinates":[[-87.53407102388081,41.71750070251685],[-87.5340716164454,41.71776274385449]]}},{"type":"Feature","id":6,"properties":{"sid":6,"lb_mm":0,"exact":0,"gw_mm":27388,"detail_id":6},"geometry":{"type":"LineString","coordinates":[[-87.53407117715133,41.717254114788695],[-87.53407102388081,41.71750070251685]]}},{"type":"Feature","id":7,"properties":{"sid":7,"lb_mm":0,"exact":0,"gw_mm":100246,"detail_id":7},"geometry":{"type":"LineString","coordinates":[[-87.5340716164454,41.71776274385449],[-87.53527588017485,41.717739753390234]]}},{"type":"Feature","id":8,"properties":{"sid":8,"lb_mm":0,"exact":0,"gw_mm":109720,"detail_id":8},"geometry":{"type":"LineString","coordinates":[[-87.53511437883996,41.71353302706264],[-87.53402949552779,41.71409436725716]]}},{"type":"Feature","id":9,"properties":{"sid":9,"lb_mm":0,"exact":0,"gw_mm":202494,"detail_id":9},"geometry":{"type":"LineString","coordinates":[[-87.53523438802664,41.68092787778021],[-87.53523934121623,41.68275104552997]]}},{"type":"Feature","id":10,"properties":{"sid":10,"lb_mm":0,"exact":0,"gw_mm":201839,"detail_id":10},"geometry":{"type":"LineString","coordinates":[[-87.53523934121623,41.68275104552997],[-87.53525292731956,41.68456828521223]]}},{"type":"Feature","id":11,"properties":{"sid":11,"lb_mm":0,"exact":0,"gw_mm":202506,"detail_id":11},"geometry":{"type":"LineString","coordinates":[[-87.53525292731956,41.68456828521223],[-87.53526403792883,41.68639154500651]]}},{"type":"Feature","id":12,"properties":{"sid":12,"lb_mm":0,"exact":0,"gw_mm":201285,"detail_id":12},"geometry":{"type":"LineString","coordinates":[[-87.53526403792883,41.68639154500651],[-87.53527540800708,41.68820380623999]]}},{"type":"Feature","id":13,"properties":{"sid":13,"lb_mm":0,"exact":0,"gw_mm":100690,"detail_id":13},"geometry":{"type":"LineString","coordinates":[[-87.53527588017485,41.717739753390234],[-87.53648547698583,41.71771680259064]]}},{"type":"Feature","id":14,"properties":{"sid":14,"lb_mm":0,"exact":0,"gw_mm":7060,"detail_id":14},"geometry":{"type":"LineString","coordinates":[[-87.62757307970182,41.87052734310692],[-87.62748808016218,41.87052539097645]]}},{"type":"Feature","id":15,"properties":{"sid":15,"lb_mm":0,"exact":0,"gw_mm":8405,"detail_id":15},"geometry":{"type":"LineString","coordinates":[[-87.62767427664005,41.87052966660412],[-87.62757307970182,41.87052734310692]]}},{"type":"Feature","id":16,"properties":{"sid":16,"lb_mm":0,"exact":0,"gw_mm":11558,"detail_id":16},"geometry":{"type":"LineString","coordinates":[[-87.62781342725957,41.8705328615219],[-87.62767427664005,41.87052966660412]]}},{"type":"Feature","id":17,"properties":{"sid":17,"lb_mm":0,"exact":0,"gw_mm":15143,"detail_id":17},"geometry":{"type":"LineString","coordinates":[[-87.62799581889958,41.87053436541071],[-87.62781342725957,41.8705328615219]]}},{"type":"Feature","id":18,"properties":{"sid":18,"lb_mm":0,"exact":0,"gw_mm":49178,"detail_id":18},"geometry":{"type":"LineString","coordinates":[[-87.62858809723474,41.87052632045605],[-87.62799581889958,41.87053436541071]]}},{"type":"Feature","id":19,"properties":{"sid":19,"lb_mm":0,"exact":0,"gw_mm":194861,"detail_id":19},"geometry":{"type":"LineString","coordinates":[[-87.62862675276261,41.87228046739122],[-87.62858809723474,41.87052632045605]]}},{"type":"Feature","id":20,"properties":{"sid":20,"lb_mm":0,"exact":0,"gw_mm":220471,"detail_id":20},"geometry":{"type":"LineString","coordinates":[[-87.63003654744654,41.905794737938955],[-87.63009831241969,41.90777914577049]]}},{"type":"Feature","id":21,"properties":{"sid":21,"lb_mm":0,"exact":0,"gw_mm":185627,"detail_id":21},"geometry":{"type":"LineString","coordinates":[[-87.63009831241969,41.90777914577049],[-87.63014794337705,41.90944997176011]]}},{"type":"Feature","id":22,"properties":{"sid":22,"lb_mm":0,"exact":0,"gw_mm":193724,"detail_id":22},"geometry":{"type":"LineString","coordinates":[[-87.63014794337705,41.90944997176011],[-87.63020129553279,41.911193653583936]]}},{"type":"Feature","id":23,"properties":{"sid":23,"lb_mm":0,"exact":0,"gw_mm":70014,"detail_id":23},"geometry":{"type":"LineString","coordinates":[[-87.63639714832115,41.92016898870866],[-87.63555336915903,41.920183674204786]]}},{"type":"Feature","id":24,"properties":{"sid":24,"lb_mm":0,"exact":0,"gw_mm":65925,"detail_id":24},"geometry":{"type":"LineString","coordinates":[[-87.63719175591014,41.92015939551034],[-87.63639714832115,41.92016898870866]]}},{"type":"Feature","id":25,"properties":{"sid":25,"lb_mm":0,"exact":0,"gw_mm":222563,"detail_id":25},"geometry":{"type":"LineString","coordinates":[[-87.63783954114011,41.747067922763755],[-87.63516454994635,41.74711538830079]]}},{"type":"Feature","id":26,"properties":{"sid":26,"lb_mm":0,"exact":0,"gw_mm":139132,"detail_id":26},"geometry":{"type":"LineString","coordinates":[[-87.63886864692478,41.92013474200203],[-87.63719175591014,41.92015939551034]]}},{"type":"Feature","id":27,"properties":{"sid":27,"lb_mm":0,"exact":0,"gw_mm":101270,"detail_id":27},"geometry":{"type":"LineString","coordinates":[[-87.63905665847366,41.74704497036894],[-87.63783954114011,41.747067922763755]]}},{"type":"Feature","id":28,"properties":{"sid":28,"lb_mm":0,"exact":0,"gw_mm":375426,"detail_id":28},"geometry":{"type":"LineString","coordinates":[[-87.63993492868595,41.942279912373806],[-87.64446149274401,41.94222055144478]]}},{"type":"Feature","id":29,"properties":{"sid":29,"lb_mm":0,"exact":0,"gw_mm":99683,"detail_id":29},"geometry":{"type":"LineString","coordinates":[[-87.64025467354409,41.747021564821786],[-87.63905665847366,41.74704497036894]]}},{"type":"Feature","id":30,"properties":{"sid":30,"lb_mm":0,"exact":0,"gw_mm":15254,"detail_id":30},"geometry":{"type":"LineString","coordinates":[[-87.64043797972285,41.74701730695273],[-87.64025467354409,41.747021564821786]]}},{"type":"Feature","id":31,"properties":{"sid":31,"lb_mm":0,"exact":0,"gw_mm":356934,"detail_id":31},"geometry":{"type":"LineString","coordinates":[[-87.64050449658184,41.94336212812259],[-87.64480834395009,41.94331354052004]]}},{"type":"Feature","id":32,"properties":{"sid":32,"lb_mm":0,"exact":0,"gw_mm":54924,"detail_id":32},"geometry":{"type":"LineString","coordinates":[[-87.64109811929015,41.74702888780859],[-87.64043797972285,41.74701730695273]]}},{"type":"Feature","id":33,"properties":{"sid":33,"lb_mm":0,"exact":0,"gw_mm":201650,"detail_id":33},"geometry":{"type":"LineString","coordinates":[[-87.641299093699,41.92010156768673],[-87.63886864692478,41.92013474200203]]}},{"type":"Feature","id":34,"properties":{"sid":34,"lb_mm":0,"exact":0,"gw_mm":22453,"detail_id":34},"geometry":{"type":"LineString","coordinates":[[-87.64136802088599,41.74702572097207],[-87.64109811929015,41.74702888780859]]}},{"type":"Feature","id":35,"properties":{"sid":35,"lb_mm":0,"exact":0,"gw_mm":10387,"detail_id":35},"geometry":{"type":"LineString","coordinates":[[-87.64149286099848,41.74702360329651],[-87.64136802088599,41.74702572097207]]}},{"type":"Feature","id":36,"properties":{"sid":36,"lb_mm":0,"exact":0,"gw_mm":1603560,"detail_id":36},"geometry":{"type":"LineString","coordinates":[[-87.64159826581219,41.6687070045655],[-87.62234490640415,41.66891114918197]]}},{"type":"Feature","id":37,"properties":{"sid":37,"lb_mm":0,"exact":0,"gw_mm":101449,"detail_id":37},"geometry":{"type":"LineString","coordinates":[[-87.64271230157344,41.74700636235997],[-87.64149286099848,41.74702360329651]]}},{"type":"Feature","id":38,"properties":{"sid":38,"lb_mm":0,"exact":0,"gw_mm":201089,"detail_id":38},"geometry":{"type":"LineString","coordinates":[[-87.64372266206738,41.92006389977119],[-87.641299093699,41.92010156768673]]}},{"type":"Feature","id":39,"properties":{"sid":39,"lb_mm":0,"exact":0,"gw_mm":101179,"detail_id":39},"geometry":{"type":"LineString","coordinates":[[-87.64392853165008,41.74699045596361],[-87.64271230157344,41.74700636235997]]}},{"type":"Feature","id":40,"properties":{"sid":40,"lb_mm":0,"exact":0,"gw_mm":40139,"detail_id":40},"geometry":{"type":"LineString","coordinates":[[-87.6444517935995,41.941859246211685],[-87.64446149274401,41.94222055144478]]}},{"type":"Feature","id":41,"properties":{"sid":41,"lb_mm":0,"exact":0,"gw_mm":403896,"detail_id":41},"geometry":{"type":"LineString","coordinates":[[-87.6444517935995,41.941859246211685],[-87.64932139896491,41.941787583722224]]}},{"type":"Feature","id":42,"properties":{"sid":42,"lb_mm":0,"exact":0,"gw_mm":94602,"detail_id":42},"geometry":{"type":"LineString","coordinates":[[-87.6448625848825,41.920039155694894],[-87.64372266206738,41.92006389977119]]}},{"type":"Feature","id":43,"properties":{"sid":43,"lb_mm":0,"exact":0,"gw_mm":44253,"detail_id":43},"geometry":{"type":"LineString","coordinates":[[-87.6450302736699,41.94367587236081],[-87.64480834395009,41.94331354052004]]}},{"type":"Feature","id":44,"properties":{"sid":44,"lb_mm":0,"exact":0,"gw_mm":191093,"detail_id":44},"geometry":{"type":"LineString","coordinates":[[-87.6450302736699,41.94367587236081],[-87.64733424596952,41.943640981532084]]}},{"type":"Feature","id":45,"properties":{"sid":45,"lb_mm":0,"exact":0,"gw_mm":28286,"detail_id":45},"geometry":{"type":"LineString","coordinates":[[-87.64733424596952,41.943640981532084],[-87.64767526832892,41.94363524965018]]}},{"type":"Feature","id":46,"properties":{"sid":46,"lb_mm":0,"exact":0,"gw_mm":140498,"detail_id":46},"geometry":{"type":"LineString","coordinates":[[-87.64767526832892,41.94363524965018],[-87.6493691869472,41.943608274813684]]}},{"type":"Feature","id":47,"properties":{"sid":47,"lb_mm":0,"exact":0,"gw_mm":98382,"detail_id":47},"geometry":{"type":"LineString","coordinates":[[-87.64856886198785,41.91998601087029],[-87.64738288264618,41.91998544860268]]}},{"type":"Feature","id":48,"properties":{"sid":48,"lb_mm":0,"exact":0,"gw_mm":233594,"detail_id":48},"geometry":{"type":"LineString","coordinates":[[-87.64932139896491,41.941787583722224],[-87.65213805943135,41.941760512289015]]}},{"type":"Feature","id":49,"properties":{"sid":49,"lb_mm":0,"exact":0,"gw_mm":142637,"detail_id":49},"geometry":{"type":"LineString","coordinates":[[-87.6493691869472,41.943608274813684],[-87.65108899596929,41.94358479606758]]}},{"type":"Feature","id":50,"properties":{"sid":50,"lb_mm":0,"exact":0,"gw_mm":238723,"detail_id":50},"geometry":{"type":"LineString","coordinates":[[-87.65003749374799,41.96643841843073],[-87.65291718753808,41.966416307177404]]}},{"type":"Feature","id":51,"properties":{"sid":51,"lb_mm":0,"exact":0,"gw_mm":151677,"detail_id":51},"geometry":{"type":"LineString","coordinates":[[-87.65108899596929,41.94358479606758],[-87.65291770494234,41.94355603800971]]}},{"type":"Feature","id":52,"properties":{"sid":52,"lb_mm":0,"exact":0,"gw_mm":167457,"detail_id":52},"geometry":{"type":"LineString","coordinates":[[-87.65213805943135,41.941760512289015],[-87.65415708504605,41.941733639486124]]}},{"type":"Feature","id":53,"properties":{"sid":53,"lb_mm":0,"exact":0,"gw_mm":97078,"detail_id":53},"geometry":{"type":"LineString","coordinates":[[-87.6528416814968,41.967288489366844],[-87.65291718753808,41.966416307177404]]}},{"type":"Feature","id":54,"properties":{"sid":54,"lb_mm":0,"exact":0,"gw_mm":16831,"detail_id":54},"geometry":{"type":"LineString","coordinates":[[-87.65286186580711,41.715856574785626],[-87.65266116053712,41.71583786856892]]}},{"type":"Feature","id":55,"properties":{"sid":55,"lb_mm":0,"exact":0,"gw_mm":33406,"detail_id":55},"geometry":{"type":"LineString","coordinates":[[-87.65291770494234,41.94355603800971],[-87.65332048069297,41.94355005478725]]}},{"type":"Feature","id":56,"properties":{"sid":56,"lb_mm":0,"exact":0,"gw_mm":32554,"detail_id":56},"geometry":{"type":"LineString","coordinates":[[-87.65332048069297,41.94355005478725],[-87.65371273253334,41.94356197126192]]}},{"type":"Feature","id":57,"properties":{"sid":57,"lb_mm":0,"exact":0,"gw_mm":402705,"detail_id":57},"geometry":{"type":"LineString","coordinates":[[-87.65342245275065,41.91991479109367],[-87.64856886198785,41.91998601087029]]}},{"type":"Feature","id":58,"properties":{"sid":58,"lb_mm":0,"exact":0,"gw_mm":41572,"detail_id":58},"geometry":{"type":"LineString","coordinates":[[-87.65371273253334,41.94356197126192],[-87.65421405581466,41.943562681447425]]}},{"type":"Feature","id":59,"properties":{"sid":59,"lb_mm":0,"exact":0,"gw_mm":100853,"detail_id":59},"geometry":{"type":"LineString","coordinates":[[-87.65415708504605,41.941733639486124],[-87.65537304348761,41.941716698900926]]}},{"type":"Feature","id":60,"properties":{"sid":60,"lb_mm":0,"exact":0,"gw_mm":100506,"detail_id":60},"geometry":{"type":"LineString","coordinates":[[-87.65421405581466,41.943562681447425],[-87.65542579225463,41.943542986482115]]}},{"type":"Feature","id":61,"properties":{"sid":61,"lb_mm":0,"exact":0,"gw_mm":30972,"detail_id":61},"geometry":{"type":"LineString","coordinates":[[-87.65430136473546,41.98736830593415],[-87.65467497316902,41.98736055409137]]}},{"type":"Feature","id":62,"properties":{"sid":62,"lb_mm":0,"exact":0,"gw_mm":25860,"detail_id":62},"geometry":{"type":"LineString","coordinates":[[-87.65467497316902,41.98736055409137],[-87.65498692118811,41.98735408337924]]}},{"type":"Feature","id":63,"properties":{"sid":63,"lb_mm":0,"exact":0,"gw_mm":30665,"detail_id":63},"geometry":{"type":"LineString","coordinates":[[-87.65469716461881,41.978562657842254],[-87.65432720753934,41.978566946278306]]}},{"type":"Feature","id":64,"properties":{"sid":64,"lb_mm":0,"exact":0,"gw_mm":161732,"detail_id":64},"geometry":{"type":"LineString","coordinates":[[-87.65479249293352,41.967264108560705],[-87.6528416814968,41.967288489366844]]}},{"type":"Feature","id":65,"properties":{"sid":65,"lb_mm":0,"exact":0,"gw_mm":25705,"detail_id":65},"geometry":{"type":"LineString","coordinates":[[-87.65498692118811,41.98735408337924],[-87.65529704295655,41.98734912348086]]}},{"type":"Feature","id":66,"properties":{"sid":66,"lb_mm":0,"exact":0,"gw_mm":18977,"detail_id":66},"geometry":{"type":"LineString","coordinates":[[-87.65502315576485,41.97838585453983],[-87.65502646491754,41.978215021092545]]}},{"type":"Feature","id":67,"properties":{"sid":67,"lb_mm":0,"exact":0,"gw_mm":27349,"detail_id":67},"geometry":{"type":"LineString","coordinates":[[-87.65502703332648,41.97855610111836],[-87.65469716461881,41.978562657842254]]}},{"type":"Feature","id":68,"properties":{"sid":68,"lb_mm":0,"exact":0,"gw_mm":18913,"detail_id":68},"geometry":{"type":"LineString","coordinates":[[-87.65502703332648,41.97855610111836],[-87.65502315576485,41.97838585453983]]}},{"type":"Feature","id":69,"properties":{"sid":69,"lb_mm":0,"exact":0,"gw_mm":196779,"detail_id":69},"geometry":{"type":"LineString","coordinates":[[-87.65522603911009,41.71582259955236],[-87.65286186580711,41.715856574785626]]}},{"type":"Feature","id":70,"properties":{"sid":70,"lb_mm":0,"exact":0,"gw_mm":9865,"detail_id":70},"geometry":{"type":"LineString","coordinates":[[-87.65522872278393,41.715911394214245],[-87.65522603911009,41.71582259955236]]}},{"type":"Feature","id":71,"properties":{"sid":71,"lb_mm":0,"exact":0,"gw_mm":8987,"detail_id":71},"geometry":{"type":"LineString","coordinates":[[-87.65529704295655,41.98734912348086],[-87.65540546564901,41.98734738967133]]}},{"type":"Feature","id":72,"properties":{"sid":72,"lb_mm":0,"exact":0,"gw_mm":100602,"detail_id":72},"geometry":{"type":"LineString","coordinates":[[-87.65537304348761,41.941716698900926],[-87.65658594297116,41.94169840481844]]}},{"type":"Feature","id":73,"properties":{"sid":73,"lb_mm":0,"exact":0,"gw_mm":28961,"detail_id":73},"geometry":{"type":"LineString","coordinates":[[-87.65540546564901,41.98734738967133],[-87.6557548549184,41.98734113797658]]}},{"type":"Feature","id":74,"properties":{"sid":74,"lb_mm":0,"exact":0,"gw_mm":100573,"detail_id":74},"geometry":{"type":"LineString","coordinates":[[-87.65542579225463,41.943542986482115],[-87.65663836095403,41.943524007497096]]}},{"type":"Feature","id":75,"properties":{"sid":75,"lb_mm":0,"exact":0,"gw_mm":22384,"detail_id":75},"geometry":{"type":"LineString","coordinates":[[-87.6557548549184,41.98734113797658],[-87.65602489353692,41.98733630324492]]}},{"type":"Feature","id":76,"properties":{"sid":76,"lb_mm":0,"exact":0,"gw_mm":26158,"detail_id":76},"geometry":{"type":"LineString","coordinates":[[-87.65602489353692,41.98733630324492],[-87.65634046983162,41.98733065245006]]}},{"type":"Feature","id":77,"properties":{"sid":77,"lb_mm":0,"exact":0,"gw_mm":116719,"detail_id":77},"geometry":{"type":"LineString","coordinates":[[-87.65620006854459,41.96723651068301],[-87.65479249293352,41.967264108560705]]}},{"type":"Feature","id":78,"properties":{"sid":78,"lb_mm":0,"exact":0,"gw_mm":202849,"detail_id":78},"geometry":{"type":"LineString","coordinates":[[-87.65621472489575,41.96906275251637],[-87.65620006854459,41.96723651068301]]}},{"type":"Feature","id":79,"properties":{"sid":79,"lb_mm":0,"exact":0,"gw_mm":469047,"detail_id":79},"geometry":{"type":"LineString","coordinates":[[-87.65632544190993,41.97328482893684],[-87.65621472489575,41.96906275251637]]}},{"type":"Feature","id":80,"properties":{"sid":80,"lb_mm":0,"exact":0,"gw_mm":31799,"detail_id":80},"geometry":{"type":"LineString","coordinates":[[-87.65634046983162,41.98733065245006],[-87.65672407323002,41.987323267994206]]}},{"type":"Feature","id":81,"properties":{"sid":81,"lb_mm":0,"exact":0,"gw_mm":118665,"detail_id":81},"geometry":{"type":"LineString","coordinates":[[-87.65645797041523,41.978193727267524],[-87.65502646491754,41.978215021092545]]}},{"type":"Feature","id":82,"properties":{"sid":82,"lb_mm":0,"exact":0,"gw_mm":100322,"detail_id":82},"geometry":{"type":"LineString","coordinates":[[-87.65658594297116,41.94169840481844],[-87.65779541403195,41.941678222165464]]}},{"type":"Feature","id":83,"properties":{"sid":83,"lb_mm":0,"exact":0,"gw_mm":100562,"detail_id":83},"geometry":{"type":"LineString","coordinates":[[-87.65663836095403,41.943524007497096],[-87.65785078075558,41.94350456016016]]}},{"type":"Feature","id":84,"properties":{"sid":84,"lb_mm":0,"exact":0,"gw_mm":1559640,"detail_id":84},"geometry":{"type":"LineString","coordinates":[[-87.65672407323002,41.987323267994206],[-87.65632544190993,41.97328482893684]]}},{"type":"Feature","id":85,"properties":{"sid":85,"lb_mm":0,"exact":0,"gw_mm":9668,"detail_id":85},"geometry":{"type":"LineString","coordinates":[[-87.65672407323002,41.987323267994206],[-87.6567275711828,41.987410266239685]]}},{"type":"Feature","id":86,"properties":{"sid":86,"lb_mm":0,"exact":0,"gw_mm":7100,"detail_id":86},"geometry":{"type":"LineString","coordinates":[[-87.65672407323002,41.987323267994206],[-87.65680972558457,41.987321619225796]]}},{"type":"Feature","id":87,"properties":{"sid":87,"lb_mm":0,"exact":0,"gw_mm":60518,"detail_id":87},"geometry":{"type":"LineString","coordinates":[[-87.6567275711828,41.987410266239685],[-87.65674412973185,41.987954976269165]]}},{"type":"Feature","id":88,"properties":{"sid":88,"lb_mm":0,"exact":0,"gw_mm":61793,"detail_id":88},"geometry":{"type":"LineString","coordinates":[[-87.65674412973185,41.987954976269165],[-87.65676097249901,41.98851115895012]]}},{"type":"Feature","id":89,"properties":{"sid":89,"lb_mm":0,"exact":0,"gw_mm":52377,"detail_id":89},"geometry":{"type":"LineString","coordinates":[[-87.65676097249901,41.98851115895012],[-87.65677540271591,41.98898258615826]]}},{"type":"Feature","id":90,"properties":{"sid":90,"lb_mm":0,"exact":0,"gw_mm":17689,"detail_id":90},"geometry":{"type":"LineString","coordinates":[[-87.65677540271591,41.98898258615826],[-87.65678031919927,41.989141801425006]]}},{"type":"Feature","id":91,"properties":{"sid":91,"lb_mm":0,"exact":0,"gw_mm":36801,"detail_id":91},"geometry":{"type":"LineString","coordinates":[[-87.65678031919927,41.989141801425006],[-87.65679055006177,41.989473035096026]]}},{"type":"Feature","id":92,"properties":{"sid":92,"lb_mm":0,"exact":0,"gw_mm":50547,"detail_id":92},"geometry":{"type":"LineString","coordinates":[[-87.65679055006177,41.989473035096026],[-87.65680460226014,41.98992799577208]]}},{"type":"Feature","id":93,"properties":{"sid":93,"lb_mm":0,"exact":0,"gw_mm":16234,"detail_id":93},"geometry":{"type":"LineString","coordinates":[[-87.65680460226014,41.98992799577208],[-87.6568087028907,41.990074119095986]]}},{"type":"Feature","id":94,"properties":{"sid":94,"lb_mm":0,"exact":0,"gw_mm":9672,"detail_id":94},"geometry":{"type":"LineString","coordinates":[[-87.6568087028907,41.990074119095986],[-87.65681114562713,41.990161180404215]]}},{"type":"Feature","id":95,"properties":{"sid":95,"lb_mm":0,"exact":0,"gw_mm":40815,"detail_id":95},"geometry":{"type":"LineString","coordinates":[[-87.65680972558457,41.987321619225796],[-87.65730214349723,41.98731354338395]]}},{"type":"Feature","id":96,"properties":{"sid":96,"lb_mm":0,"exact":0,"gw_mm":61140,"detail_id":96},"geometry":{"type":"LineString","coordinates":[[-87.65681114562713,41.990161180404215],[-87.65682794046836,41.99071148977103]]}},{"type":"Feature","id":97,"properties":{"sid":97,"lb_mm":0,"exact":0,"gw_mm":19982,"detail_id":97},"geometry":{"type":"LineString","coordinates":[[-87.65682794046836,41.99071148977103],[-87.65683310562689,41.990891347276104]]}},{"type":"Feature","id":98,"properties":{"sid":98,"lb_mm":0,"exact":0,"gw_mm":11400,"detail_id":98},"geometry":{"type":"LineString","coordinates":[[-87.65683310562689,41.990891347276104],[-87.65683618636592,41.99099395281933]]}},{"type":"Feature","id":99,"properties":{"sid":99,"lb_mm":0,"exact":0,"gw_mm":45733,"detail_id":99},"geometry":{"type":"LineString","coordinates":[[-87.65683618636592,41.99099395281933],[-87.65684854721461,41.991405590633626]]}},{"type":"Feature","id":100,"properties":{"sid":100,"lb_mm":0,"exact":0,"gw_mm":44119,"detail_id":100},"geometry":{"type":"LineString","coordinates":[[-87.65684854721461,41.991405590633626],[-87.65686074833108,41.991802691751786]]}},{"type":"Feature","id":101,"properties":{"sid":101,"lb_mm":0,"exact":0,"gw_mm":37331,"detail_id":101},"geometry":{"type":"LineString","coordinates":[[-87.65686074833108,41.991802691751786],[-87.65687127931021,41.99213869784791]]}},{"type":"Feature","id":102,"properties":{"sid":102,"lb_mm":0,"exact":0,"gw_mm":21154,"detail_id":102},"geometry":{"type":"LineString","coordinates":[[-87.65687127931021,41.99213869784791],[-87.6568769726531,41.992329098507085]]}},{"type":"Feature","id":103,"properties":{"sid":103,"lb_mm":0,"exact":0,"gw_mm":9834,"detail_id":103},"geometry":{"type":"LineString","coordinates":[[-87.6568769726531,41.992329098507085],[-87.65687961860071,41.992417611398885]]}},{"type":"Feature","id":104,"properties":{"sid":104,"lb_mm":0,"exact":0,"gw_mm":57639,"detail_id":104},"geometry":{"type":"LineString","coordinates":[[-87.65687961860071,41.992417611398885],[-87.65689531424559,41.99293641084919]]}},{"type":"Feature","id":105,"properties":{"sid":105,"lb_mm":0,"exact":0,"gw_mm":63125,"detail_id":105},"geometry":{"type":"LineString","coordinates":[[-87.65689531424559,41.99293641084919],[-87.65691247258634,41.99350458720045]]}},{"type":"Feature","id":106,"properties":{"sid":106,"lb_mm":0,"exact":0,"gw_mm":56331,"detail_id":106},"geometry":{"type":"LineString","coordinates":[[-87.65691247258634,41.99350458720045],[-87.65692895493096,41.99401159064838]]}},{"type":"Feature","id":107,"properties":{"sid":107,"lb_mm":0,"exact":0,"gw_mm":48294,"detail_id":107},"geometry":{"type":"LineString","coordinates":[[-87.65692895493096,41.99401159064838],[-87.65694263568221,41.99444626898577]]}},{"type":"Feature","id":108,"properties":{"sid":108,"lb_mm":0,"exact":0,"gw_mm":15415,"detail_id":108},"geometry":{"type":"LineString","coordinates":[[-87.65694263568221,41.99444626898577],[-87.65694735689361,41.99458500599584]]}},{"type":"Feature","id":109,"properties":{"sid":109,"lb_mm":0,"exact":0,"gw_mm":9135,"detail_id":109},"geometry":{"type":"LineString","coordinates":[[-87.65694735689361,41.99458500599584],[-87.65695015536548,41.99466722108976]]}},{"type":"Feature","id":110,"properties":{"sid":110,"lb_mm":0,"exact":0,"gw_mm":52800,"detail_id":110},"geometry":{"type":"LineString","coordinates":[[-87.65695015536548,41.99466722108976],[-87.65696325818986,41.99514248163516]]}},{"type":"Feature","id":111,"properties":{"sid":111,"lb_mm":0,"exact":0,"gw_mm":44847,"detail_id":111},"geometry":{"type":"LineString","coordinates":[[-87.65696325818986,41.99514248163516],[-87.65697553822122,41.99554614180552]]}},{"type":"Feature","id":112,"properties":{"sid":112,"lb_mm":0,"exact":0,"gw_mm":33956,"detail_id":112},"geometry":{"type":"LineString","coordinates":[[-87.65697553822122,41.99554614180552],[-87.65698517769562,41.99585176462586]]}},{"type":"Feature","id":113,"properties":{"sid":113,"lb_mm":0,"exact":0,"gw_mm":44761,"detail_id":113},"geometry":{"type":"LineString","coordinates":[[-87.65698517769562,41.99585176462586],[-87.65699820255709,41.996254633247865]]}},{"type":"Feature","id":114,"properties":{"sid":114,"lb_mm":0,"exact":0,"gw_mm":16213,"detail_id":114},"geometry":{"type":"LineString","coordinates":[[-87.65699820255709,41.996254633247865],[-87.65700296975929,41.99640055866167]]}},{"type":"Feature","id":115,"properties":{"sid":115,"lb_mm":0,"exact":0,"gw_mm":11001,"detail_id":115},"geometry":{"type":"LineString","coordinates":[[-87.65700296975929,41.99640055866167],[-87.65700620361675,41.99649957181718]]}},{"type":"Feature","id":116,"properties":{"sid":116,"lb_mm":0,"exact":0,"gw_mm":46748,"detail_id":116},"geometry":{"type":"LineString","coordinates":[[-87.65700620361675,41.99649957181718],[-87.65701811931963,41.99692035388263]]}},{"type":"Feature","id":117,"properties":{"sid":117,"lb_mm":0,"exact":0,"gw_mm":65806,"detail_id":117},"geometry":{"type":"LineString","coordinates":[[-87.65701811931963,41.99692035388263],[-87.65703638535176,41.99751265690035]]}},{"type":"Feature","id":118,"properties":{"sid":118,"lb_mm":0,"exact":0,"gw_mm":26710,"detail_id":118},"geometry":{"type":"LineString","coordinates":[[-87.65703638535176,41.99751265690035],[-87.65704369114331,41.997753063595404]]}},{"type":"Feature","id":119,"properties":{"sid":119,"lb_mm":0,"exact":0,"gw_mm":14570,"detail_id":119},"geometry":{"type":"LineString","coordinates":[[-87.65704369114331,41.997753063595404],[-87.65704768206574,41.997884204699744]]}},{"type":"Feature","id":120,"properties":{"sid":120,"lb_mm":0,"exact":0,"gw_mm":20615,"detail_id":120},"geometry":{"type":"LineString","coordinates":[[-87.65704768206574,41.997884204699744],[-87.65705384767737,41.998069748003786]]}},{"type":"Feature","id":121,"properties":{"sid":121,"lb_mm":0,"exact":0,"gw_mm":16649,"detail_id":121},"geometry":{"type":"LineString","coordinates":[[-87.65705384767737,41.998069748003786],[-87.65705685093589,41.99821962079613]]}},{"type":"Feature","id":122,"properties":{"sid":122,"lb_mm":0,"exact":0,"gw_mm":19564,"detail_id":122},"geometry":{"type":"LineString","coordinates":[[-87.65723067171503,41.703528186771955],[-87.65733642153002,41.703685496386804]]}},{"type":"Feature","id":123,"properties":{"sid":123,"lb_mm":0,"exact":0,"gw_mm":9988,"detail_id":123},"geometry":{"type":"LineString","coordinates":[[-87.65730214349723,41.98731354338395],[-87.65742264892485,41.98731151959417]]}},{"type":"Feature","id":124,"properties":{"sid":124,"lb_mm":0,"exact":0,"gw_mm":145773,"detail_id":124},"geometry":{"type":"LineString","coordinates":[[-87.65733642153002,41.703685496386804],[-87.65787492862265,41.70493438353203]]}},{"type":"Feature","id":125,"properties":{"sid":125,"lb_mm":0,"exact":0,"gw_mm":40454,"detail_id":125},"geometry":{"type":"LineString","coordinates":[[-87.65742264892485,41.98731151959417],[-87.6579107079144,41.98730332184236]]}},{"type":"Feature","id":126,"properties":{"sid":126,"lb_mm":0,"exact":0,"gw_mm":110615,"detail_id":126},"geometry":{"type":"LineString","coordinates":[[-87.65753428758765,41.967218801308306],[-87.65620006854459,41.96723651068301]]}},{"type":"Feature","id":127,"properties":{"sid":127,"lb_mm":0,"exact":0,"gw_mm":192670,"detail_id":127},"geometry":{"type":"LineString","coordinates":[[-87.65754370460427,41.71588537607584],[-87.65522872278393,41.715911394214245]]}},{"type":"Feature","id":128,"properties":{"sid":128,"lb_mm":0,"exact":0,"gw_mm":115708,"detail_id":128},"geometry":{"type":"LineString","coordinates":[[-87.65754370460427,41.71588537607584],[-87.65757109475645,41.716926952179726]]}},{"type":"Feature","id":129,"properties":{"sid":129,"lb_mm":0,"exact":0,"gw_mm":125842,"detail_id":129},"geometry":{"type":"LineString","coordinates":[[-87.65757109475645,41.716926952179726],[-87.65760427215862,41.71805969717903]]}},{"type":"Feature","id":130,"properties":{"sid":130,"lb_mm":0,"exact":0,"gw_mm":87405,"detail_id":130},"geometry":{"type":"LineString","coordinates":[[-87.65760427215862,41.71805969717903],[-87.65762679810751,41.718846465927534]]}},{"type":"Feature","id":131,"properties":{"sid":131,"lb_mm":0,"exact":0,"gw_mm":51187,"detail_id":131},"geometry":{"type":"LineString","coordinates":[[-87.65760710197517,41.967676429668764],[-87.65753428758765,41.967218801308306]]}},{"type":"Feature","id":132,"properties":{"sid":132,"lb_mm":0,"exact":0,"gw_mm":208748,"detail_id":132},"geometry":{"type":"LineString","coordinates":[[-87.65762503638035,41.969555766616836],[-87.65760710197517,41.967676429668764]]}},{"type":"Feature","id":133,"properties":{"sid":133,"lb_mm":0,"exact":0,"gw_mm":104267,"detail_id":133},"geometry":{"type":"LineString","coordinates":[[-87.65762679810751,41.718846465927534],[-87.65765322154398,41.719785029449916]]}},{"type":"Feature","id":134,"properties":{"sid":134,"lb_mm":0,"exact":0,"gw_mm":165161,"detail_id":134},"geometry":{"type":"LineString","coordinates":[[-87.65765322154398,41.719785029449916],[-87.65769631575576,41.72127170557929]]}},{"type":"Feature","id":135,"properties":{"sid":135,"lb_mm":0,"exact":0,"gw_mm":148593,"detail_id":135},"geometry":{"type":"LineString","coordinates":[[-87.6576652965308,41.97089323310786],[-87.65762503638035,41.969555766616836]]}},{"type":"Feature","id":136,"properties":{"sid":136,"lb_mm":0,"exact":0,"gw_mm":9140,"detail_id":136},"geometry":{"type":"LineString","coordinates":[[-87.65769631575576,41.72127170557929],[-87.65780613436922,41.72126998597119]]}},{"type":"Feature","id":137,"properties":{"sid":137,"lb_mm":0,"exact":0,"gw_mm":263454,"detail_id":137},"geometry":{"type":"LineString","coordinates":[[-87.6577279311108,41.97326467686183],[-87.6576652965308,41.97089323310786]]}},{"type":"Feature","id":138,"properties":{"sid":138,"lb_mm":0,"exact":0,"gw_mm":101299,"detail_id":138},"geometry":{"type":"LineString","coordinates":[[-87.65779541403195,41.941678222165464],[-87.65901647747151,41.94165247948598]]}},{"type":"Feature","id":139,"properties":{"sid":139,"lb_mm":0,"exact":0,"gw_mm":202339,"detail_id":139},"geometry":{"type":"LineString","coordinates":[[-87.65780613436922,41.72126998597119],[-87.65785411790526,41.72309138771871]]}},{"type":"Feature","id":140,"properties":{"sid":140,"lb_mm":0,"exact":0,"gw_mm":100866,"detail_id":140},"geometry":{"type":"LineString","coordinates":[[-87.65785078075558,41.94350456016016],[-87.65906687687854,41.94348556096933]]}},{"type":"Feature","id":141,"properties":{"sid":141,"lb_mm":0,"exact":0,"gw_mm":202869,"detail_id":141},"geometry":{"type":"LineString","coordinates":[[-87.65785411790526,41.72309138771871],[-87.65789702298875,41.72491763450422]]}},{"type":"Feature","id":142,"properties":{"sid":142,"lb_mm":0,"exact":0,"gw_mm":116168,"detail_id":142},"geometry":{"type":"LineString","coordinates":[[-87.65785925528051,41.978169623229526],[-87.65645797041523,41.978193727267524]]}},{"type":"Feature","id":143,"properties":{"sid":143,"lb_mm":0,"exact":0,"gw_mm":143192,"detail_id":143},"geometry":{"type":"LineString","coordinates":[[-87.65787492862265,41.70493438353203],[-87.65959496578726,41.70490824449192]]}},{"type":"Feature","id":144,"properties":{"sid":144,"lb_mm":0,"exact":0,"gw_mm":201734,"detail_id":144},"geometry":{"type":"LineString","coordinates":[[-87.65789702298875,41.72491763450422],[-87.6579439507872,41.7267336032745]]}},{"type":"Feature","id":145,"properties":{"sid":145,"lb_mm":0,"exact":0,"gw_mm":17659,"detail_id":145},"geometry":{"type":"LineString","coordinates":[[-87.6579107079144,41.98730332184236],[-87.65812374640761,41.98729943965176]]}},{"type":"Feature","id":146,"properties":{"sid":146,"lb_mm":0,"exact":0,"gw_mm":34872,"detail_id":146},"geometry":{"type":"LineString","coordinates":[[-87.6579439507872,41.7267336032745],[-87.65795264826204,41.72704750983219]]}},{"type":"Feature","id":147,"properties":{"sid":147,"lb_mm":0,"exact":0,"gw_mm":21209,"detail_id":147},"geometry":{"type":"LineString","coordinates":[[-87.65795264826204,41.72704750983219],[-87.657957938158,41.727238425439545]]}},{"type":"Feature","id":148,"properties":{"sid":148,"lb_mm":0,"exact":0,"gw_mm":148329,"detail_id":148},"geometry":{"type":"LineString","coordinates":[[-87.657957938158,41.727238425439545],[-87.65799382562159,41.728573634816144]]}},{"type":"Feature","id":149,"properties":{"sid":149,"lb_mm":0,"exact":0,"gw_mm":28389,"detail_id":149},"geometry":{"type":"LineString","coordinates":[[-87.65799382562159,41.728573634816144],[-87.65800035577296,41.72882918942106]]}},{"type":"Feature","id":150,"properties":{"sid":150,"lb_mm":0,"exact":0,"gw_mm":173500,"detail_id":150},"geometry":{"type":"LineString","coordinates":[[-87.65800035577296,41.72882918942106],[-87.65803995658797,41.730391014001704]]}},{"type":"Feature","id":151,"properties":{"sid":151,"lb_mm":0,"exact":0,"gw_mm":188510,"detail_id":151},"geometry":{"type":"LineString","coordinates":[[-87.65803995658797,41.730391014001704],[-87.65808586322521,41.73208791539184]]}},{"type":"Feature","id":152,"properties":{"sid":152,"lb_mm":0,"exact":0,"gw_mm":25937,"detail_id":152},"geometry":{"type":"LineString","coordinates":[[-87.65808586322521,41.73208791539184],[-87.65809284406384,41.7323213766565]]}},{"type":"Feature","id":153,"properties":{"sid":153,"lb_mm":0,"exact":0,"gw_mm":190109,"detail_id":153},"geometry":{"type":"LineString","coordinates":[[-87.65809284406384,41.7323213766565],[-87.6581436272901,41.73403259399146]]}},{"type":"Feature","id":154,"properties":{"sid":154,"lb_mm":0,"exact":0,"gw_mm":1559227,"detail_id":154},"geometry":{"type":"LineString","coordinates":[[-87.65812374640761,41.98729943965176],[-87.6577279311108,41.97326467686183]]}},{"type":"Feature","id":155,"properties":{"sid":155,"lb_mm":0,"exact":0,"gw_mm":54407,"detail_id":155},"geometry":{"type":"LineString","coordinates":[[-87.65812374640761,41.98729943965176],[-87.6581383698572,41.987789148120925]]}},{"type":"Feature","id":156,"properties":{"sid":156,"lb_mm":0,"exact":0,"gw_mm":14898,"detail_id":156},"geometry":{"type":"LineString","coordinates":[[-87.65812374640761,41.98729943965176],[-87.65830347280031,41.98729616427506]]}},{"type":"Feature","id":157,"properties":{"sid":157,"lb_mm":0,"exact":0,"gw_mm":45828,"detail_id":157},"geometry":{"type":"LineString","coordinates":[[-87.6581383698572,41.987789148120925],[-87.65815170376551,41.98820162455638]]}},{"type":"Feature","id":158,"properties":{"sid":158,"lb_mm":0,"exact":0,"gw_mm":202328,"detail_id":158},"geometry":{"type":"LineString","coordinates":[[-87.6581436272901,41.73403259399146],[-87.65819915946027,41.735853771270875]]}},{"type":"Feature","id":159,"properties":{"sid":159,"lb_mm":0,"exact":0,"gw_mm":100328,"detail_id":159},"geometry":{"type":"LineString","coordinates":[[-87.65815170376551,41.98820162455638],[-87.65817915198235,41.989104655326116]]}},{"type":"Feature","id":160,"properties":{"sid":160,"lb_mm":0,"exact":0,"gw_mm":43335,"detail_id":160},"geometry":{"type":"LineString","coordinates":[[-87.65817915198235,41.989104655326116],[-87.65819100727309,41.9894946994987]]}},{"type":"Feature","id":161,"properties":{"sid":161,"lb_mm":0,"exact":0,"gw_mm":50340,"detail_id":161},"geometry":{"type":"LineString","coordinates":[[-87.65819100727309,41.9894946994987],[-87.65820520019084,41.989947794471746]]}},{"type":"Feature","id":162,"properties":{"sid":162,"lb_mm":0,"exact":0,"gw_mm":11334,"detail_id":162},"geometry":{"type":"LineString","coordinates":[[-87.65820520019084,41.989947794471746],[-87.6582095048484,41.99004978777309]]}},{"type":"Feature","id":163,"properties":{"sid":163,"lb_mm":0,"exact":0,"gw_mm":8340,"detail_id":163},"geometry":{"type":"LineString","coordinates":[[-87.6582095048484,41.99004978777309],[-87.65821267258067,41.990124838496065]]}},{"type":"Feature","id":164,"properties":{"sid":164,"lb_mm":0,"exact":0,"gw_mm":70743,"detail_id":164},"geometry":{"type":"LineString","coordinates":[[-87.65821267258067,41.990124838496065],[-87.65823077206944,41.990761598139564]]}},{"type":"Feature","id":165,"properties":{"sid":165,"lb_mm":0,"exact":0,"gw_mm":15334,"detail_id":165},"geometry":{"type":"LineString","coordinates":[[-87.65823077206944,41.990761598139564],[-87.65823544692775,41.990899602952474]]}},{"type":"Feature","id":166,"properties":{"sid":166,"lb_mm":0,"exact":0,"gw_mm":8704,"detail_id":166},"geometry":{"type":"LineString","coordinates":[[-87.65823544692775,41.990899602952474],[-87.65823791017563,41.99097794200479]]}},{"type":"Feature","id":167,"properties":{"sid":167,"lb_mm":0,"exact":0,"gw_mm":6403,"detail_id":167},"geometry":{"type":"LineString","coordinates":[[-87.65823791017563,41.99097794200479],[-87.65823972209284,41.99103557518134]]}},{"type":"Feature","id":168,"properties":{"sid":168,"lb_mm":0,"exact":0,"gw_mm":51991,"detail_id":168},"geometry":{"type":"LineString","coordinates":[[-87.65823972209284,41.99103557518134],[-87.65825486167837,41.991503521933566]]}},{"type":"Feature","id":169,"properties":{"sid":169,"lb_mm":0,"exact":0,"gw_mm":42080,"detail_id":169},"geometry":{"type":"LineString","coordinates":[[-87.65825486167837,41.991503521933566],[-87.65826693486953,41.99188226365669]]}},{"type":"Feature","id":170,"properties":{"sid":170,"lb_mm":0,"exact":0,"gw_mm":39406,"detail_id":170},"geometry":{"type":"LineString","coordinates":[[-87.65826693486953,41.99188226365669],[-87.65827823185663,41.99223693514072]]}},{"type":"Feature","id":171,"properties":{"sid":171,"lb_mm":0,"exact":0,"gw_mm":402492,"detail_id":171},"geometry":{"type":"LineString","coordinates":[[-87.65827335133918,41.919839080000514],[-87.65342245275065,41.91991479109367]]}},{"type":"Feature","id":172,"properties":{"sid":172,"lb_mm":0,"exact":0,"gw_mm":7998,"detail_id":172},"geometry":{"type":"LineString","coordinates":[[-87.65827823185663,41.99223693514072],[-87.65827900855827,41.99230893858303]]}},{"type":"Feature","id":173,"properties":{"sid":173,"lb_mm":0,"exact":0,"gw_mm":11722,"detail_id":173},"geometry":{"type":"LineString","coordinates":[[-87.65827900855827,41.99230893858303],[-87.65828014546696,41.992414467689564]]}},{"type":"Feature","id":174,"properties":{"sid":174,"lb_mm":0,"exact":0,"gw_mm":41703,"detail_id":174},"geometry":{"type":"LineString","coordinates":[[-87.65828014546696,41.992414467689564],[-87.65829219928894,41.99278981231663]]}},{"type":"Feature","id":175,"properties":{"sid":175,"lb_mm":0,"exact":0,"gw_mm":37583,"detail_id":175},"geometry":{"type":"LineString","coordinates":[[-87.65829219928894,41.99278981231663],[-87.65830357825112,41.99312806772785]]}},{"type":"Feature","id":176,"properties":{"sid":176,"lb_mm":0,"exact":0,"gw_mm":38887,"detail_id":176},"geometry":{"type":"LineString","coordinates":[[-87.65830347280031,41.98729616427506],[-87.65877261015424,41.98728778136649]]}},{"type":"Feature","id":177,"properties":{"sid":177,"lb_mm":0,"exact":0,"gw_mm":51519,"detail_id":177},"geometry":{"type":"LineString","coordinates":[[-87.65830357825112,41.99312806772785],[-87.65831880095907,41.99359176076515]]}},{"type":"Feature","id":178,"properties":{"sid":178,"lb_mm":0,"exact":0,"gw_mm":57692,"detail_id":178},"geometry":{"type":"LineString","coordinates":[[-87.65831880095907,41.99359176076515],[-87.65833347260785,41.99411104818664]]}},{"type":"Feature","id":179,"properties":{"sid":179,"lb_mm":0,"exact":0,"gw_mm":37310,"detail_id":179},"geometry":{"type":"LineString","coordinates":[[-87.65833347260785,41.99411104818664],[-87.65834515433302,41.99444684111297]]}},{"type":"Feature","id":180,"properties":{"sid":180,"lb_mm":0,"exact":0,"gw_mm":13472,"detail_id":180},"geometry":{"type":"LineString","coordinates":[[-87.65834515433302,41.99444684111297],[-87.65835015170241,41.994568069307476]]}},{"type":"Feature","id":181,"properties":{"sid":181,"lb_mm":0,"exact":0,"gw_mm":116248,"detail_id":181},"geometry":{"type":"LineString","coordinates":[[-87.65835015170241,41.994568069307476],[-87.65694735689361,41.99458500599584]]}},{"type":"Feature","id":182,"properties":{"sid":182,"lb_mm":0,"exact":0,"gw_mm":12498,"detail_id":182},"geometry":{"type":"LineString","coordinates":[[-87.65835015170241,41.994568069307476],[-87.65835478664039,41.99468053792458]]}},{"type":"Feature","id":183,"properties":{"sid":183,"lb_mm":0,"exact":0,"gw_mm":63012,"detail_id":183},"geometry":{"type":"LineString","coordinates":[[-87.65835478664039,41.99468053792458],[-87.65836924694327,41.99524773739683]]}},{"type":"Feature","id":184,"properties":{"sid":184,"lb_mm":0,"exact":0,"gw_mm":22605,"detail_id":184},"geometry":{"type":"LineString","coordinates":[[-87.65836924694327,41.99524773739683],[-87.6583753065345,41.99545120192683]]}},{"type":"Feature","id":185,"properties":{"sid":185,"lb_mm":0,"exact":0,"gw_mm":43888,"detail_id":185},"geometry":{"type":"LineString","coordinates":[[-87.6583753065345,41.99545120192683],[-87.65838793910757,41.995846218208264]]}},{"type":"Feature","id":186,"properties":{"sid":186,"lb_mm":0,"exact":0,"gw_mm":40740,"detail_id":186},"geometry":{"type":"LineString","coordinates":[[-87.65838793910757,41.995846218208264],[-87.65840025097846,41.99621288590809]]}},{"type":"Feature","id":187,"properties":{"sid":187,"lb_mm":0,"exact":0,"gw_mm":19110,"detail_id":187},"geometry":{"type":"LineString","coordinates":[[-87.65840025097846,41.99621288590809],[-87.65840371240326,41.9963849165578]]}},{"type":"Feature","id":188,"properties":{"sid":188,"lb_mm":0,"exact":0,"gw_mm":10054,"detail_id":188},"geometry":{"type":"LineString","coordinates":[[-87.65840371240326,41.9963849165578],[-87.65840553321686,41.996475426822435]]}},{"type":"Feature","id":189,"properties":{"sid":189,"lb_mm":0,"exact":0,"gw_mm":39429,"detail_id":189},"geometry":{"type":"LineString","coordinates":[[-87.65840553321686,41.996475426822435],[-87.65841638863111,41.9968303141964]]}},{"type":"Feature","id":190,"properties":{"sid":190,"lb_mm":0,"exact":0,"gw_mm":54266,"detail_id":190},"geometry":{"type":"LineString","coordinates":[[-87.65841638863111,41.9968303141964],[-87.65843308000291,41.99731871321445]]}},{"type":"Feature","id":191,"properties":{"sid":191,"lb_mm":0,"exact":0,"gw_mm":25242,"detail_id":191},"geometry":{"type":"LineString","coordinates":[[-87.65843308000291,41.99731871321445],[-87.65844178986733,41.99754587353954]]}},{"type":"Feature","id":192,"properties":{"sid":192,"lb_mm":0,"exact":0,"gw_mm":4122,"detail_id":192},"geometry":{"type":"LineString","coordinates":[[-87.65844178986733,41.99754587353954],[-87.65844360556812,41.9975829577043]]}},{"type":"Feature","id":193,"properties":{"sid":193,"lb_mm":0,"exact":0,"gw_mm":5272,"detail_id":193},"geometry":{"type":"LineString","coordinates":[[-87.65844360556812,41.9975829577043],[-87.65845539969052,41.997629596238035]]}},{"type":"Feature","id":194,"properties":{"sid":194,"lb_mm":0,"exact":0,"gw_mm":4156,"detail_id":194},"geometry":{"type":"LineString","coordinates":[[-87.65845539969052,41.997629596238035],[-87.65846933086651,41.997665544297554]]}},{"type":"Feature","id":195,"properties":{"sid":195,"lb_mm":0,"exact":0,"gw_mm":4651,"detail_id":195},"geometry":{"type":"LineString","coordinates":[[-87.65846933086651,41.997665544297554],[-87.65849066268598,41.99770428094686]]}},{"type":"Feature","id":196,"properties":{"sid":196,"lb_mm":0,"exact":0,"gw_mm":7039,"detail_id":196},"geometry":{"type":"LineString","coordinates":[[-87.65849066268598,41.99770428094686],[-87.65852636310883,41.99776178915785]]}},{"type":"Feature","id":197,"properties":{"sid":197,"lb_mm":0,"exact":0,"gw_mm":7127,"detail_id":197},"geometry":{"type":"LineString","coordinates":[[-87.65852636310883,41.99776178915785],[-87.65856298227514,41.9978198519547]]}},{"type":"Feature","id":198,"properties":{"sid":198,"lb_mm":0,"exact":0,"gw_mm":4387,"detail_id":198},"geometry":{"type":"LineString","coordinates":[[-87.65856298227514,41.9978198519547],[-87.65858556143412,41.99785557713567]]}},{"type":"Feature","id":199,"properties":{"sid":199,"lb_mm":0,"exact":0,"gw_mm":5735,"detail_id":199},"geometry":{"type":"LineString","coordinates":[[-87.65858556143412,41.99785557713567],[-87.65860943991825,41.997904042312726]]}},{"type":"Feature","id":200,"properties":{"sid":200,"lb_mm":0,"exact":0,"gw_mm":4638,"detail_id":200},"geometry":{"type":"LineString","coordinates":[[-87.65860943991825,41.997904042312726],[-87.658624798092,41.99794419784454]]}},{"type":"Feature","id":201,"properties":{"sid":201,"lb_mm":0,"exact":0,"gw_mm":12879,"detail_id":201},"geometry":{"type":"LineString","coordinates":[[-87.65860983476782,42.00257485384135],[-87.65876526388435,42.00257271164641]]}},{"type":"Feature","id":202,"properties":{"sid":202,"lb_mm":0,"exact":0,"gw_mm":3087,"detail_id":202},"geometry":{"type":"LineString","coordinates":[[-87.658624798092,41.99794419784454],[-87.65863378391484,41.99797117120876]]}},{"type":"Feature","id":203,"properties":{"sid":203,"lb_mm":0,"exact":0,"gw_mm":90617,"detail_id":203},"geometry":{"type":"LineString","coordinates":[[-87.6586272913419,41.96720420299768],[-87.65753428758765,41.967218801308306]]}},{"type":"Feature","id":204,"properties":{"sid":204,"lb_mm":0,"exact":0,"gw_mm":4066,"detail_id":204},"geometry":{"type":"LineString","coordinates":[[-87.65863378391484,41.99797117120876],[-87.65864028033079,41.9980074599844]]}},{"type":"Feature","id":205,"properties":{"sid":205,"lb_mm":0,"exact":0,"gw_mm":10737,"detail_id":205},"geometry":{"type":"LineString","coordinates":[[-87.65864028033079,41.9980074599844],[-87.65864827369109,41.998103937825555]]}},{"type":"Feature","id":206,"properties":{"sid":206,"lb_mm":0,"exact":0,"gw_mm":10753,"detail_id":206},"geometry":{"type":"LineString","coordinates":[[-87.65864827369109,41.998103937825555],[-87.65865103520879,41.99820072253559]]}},{"type":"Feature","id":207,"properties":{"sid":207,"lb_mm":0,"exact":0,"gw_mm":22191,"detail_id":207},"geometry":{"type":"LineString","coordinates":[[-87.65876526388435,42.00257271164641],[-87.65903306793017,42.00256907134294]]}},{"type":"Feature","id":208,"properties":{"sid":208,"lb_mm":0,"exact":0,"gw_mm":4233,"detail_id":208},"geometry":{"type":"LineString","coordinates":[[-87.65877261015424,41.98728778136649],[-87.65882368837055,41.98728705333066]]}},{"type":"Feature","id":209,"properties":{"sid":209,"lb_mm":0,"exact":0,"gw_mm":2330,"detail_id":209},"geometry":{"type":"LineString","coordinates":[[-87.65882368837055,41.98728705333066],[-87.65885179948862,41.98728665309765]]}},{"type":"Feature","id":210,"properties":{"sid":210,"lb_mm":0,"exact":0,"gw_mm":18181,"detail_id":210},"geometry":{"type":"LineString","coordinates":[[-87.65885179948862,41.98728665309765],[-87.65907116061746,41.98728352655649]]}},{"type":"Feature","id":211,"properties":{"sid":211,"lb_mm":0,"exact":0,"gw_mm":201129,"detail_id":211},"geometry":{"type":"LineString","coordinates":[[-87.65901647747151,41.94165247948598],[-87.66144124830954,41.94161134785753]]}},{"type":"Feature","id":212,"properties":{"sid":212,"lb_mm":0,"exact":0,"gw_mm":7592,"detail_id":212},"geometry":{"type":"LineString","coordinates":[[-87.65903306793017,42.00256907134294],[-87.65912469348858,42.002567690051606]]}},{"type":"Feature","id":213,"properties":{"sid":213,"lb_mm":0,"exact":0,"gw_mm":200880,"detail_id":213},"geometry":{"type":"LineString","coordinates":[[-87.65906687687854,41.94348556096933],[-87.66148885004134,41.94344954030382]]}},{"type":"Feature","id":214,"properties":{"sid":214,"lb_mm":0,"exact":0,"gw_mm":8936,"detail_id":214},"geometry":{"type":"LineString","coordinates":[[-87.65907116061746,41.98728352655649],[-87.65917897039859,41.98728198995585]]}},{"type":"Feature","id":215,"properties":{"sid":215,"lb_mm":0,"exact":0,"gw_mm":15053,"detail_id":215},"geometry":{"type":"LineString","coordinates":[[-87.65912469348858,42.002567690051606],[-87.65930635847673,42.002565160122565]]}},{"type":"Feature","id":216,"properties":{"sid":216,"lb_mm":0,"exact":0,"gw_mm":8881,"detail_id":216},"geometry":{"type":"LineString","coordinates":[[-87.65917897039859,41.98728198995585],[-87.6592860425148,41.98727865367583]]}},{"type":"Feature","id":217,"properties":{"sid":217,"lb_mm":0,"exact":0,"gw_mm":10493,"detail_id":217},"geometry":{"type":"LineString","coordinates":[[-87.6592860425148,41.98727865367583],[-87.65941260828835,41.987275822478296]]}},{"type":"Feature","id":218,"properties":{"sid":218,"lb_mm":0,"exact":0,"gw_mm":36360,"detail_id":218},"geometry":{"type":"LineString","coordinates":[[-87.65930635847673,42.002565160122565],[-87.65974516038528,42.002558899211934]]}},{"type":"Feature","id":219,"properties":{"sid":219,"lb_mm":0,"exact":0,"gw_mm":7832,"detail_id":219},"geometry":{"type":"LineString","coordinates":[[-87.65941260828835,41.987275822478296],[-87.6595070832917,41.98727370850549]]}},{"type":"Feature","id":220,"properties":{"sid":220,"lb_mm":0,"exact":0,"gw_mm":153383,"detail_id":220},"geometry":{"type":"LineString","coordinates":[[-87.65944860390704,41.91844781100991],[-87.65949203044292,41.91982836394672]]}},{"type":"Feature","id":221,"properties":{"sid":221,"lb_mm":0,"exact":0,"gw_mm":7585,"detail_id":221},"geometry":{"type":"LineString","coordinates":[[-87.65947937387892,41.918383503292134],[-87.65944860390704,41.91844781100991]]}},{"type":"Feature","id":222,"properties":{"sid":222,"lb_mm":0,"exact":0,"gw_mm":101102,"detail_id":222},"geometry":{"type":"LineString","coordinates":[[-87.65949203044292,41.91982836394672],[-87.65827335133918,41.919839080000514]]}},{"type":"Feature","id":223,"properties":{"sid":223,"lb_mm":0,"exact":0,"gw_mm":24697,"detail_id":223},"geometry":{"type":"LineString","coordinates":[[-87.6595070832917,41.98727370850549],[-87.65980501056073,41.98726777352522]]}},{"type":"Feature","id":224,"properties":{"sid":224,"lb_mm":0,"exact":0,"gw_mm":202941,"detail_id":224},"geometry":{"type":"LineString","coordinates":[[-87.65959496578726,41.70490824449192],[-87.66203287885064,41.70487796690624]]}},{"type":"Feature","id":225,"properties":{"sid":225,"lb_mm":0,"exact":0,"gw_mm":186888,"detail_id":225},"geometry":{"type":"LineString","coordinates":[[-87.65962387843659,41.7030936748595],[-87.6573788191917,41.70311897651077]]}},{"type":"Feature","id":226,"properties":{"sid":226,"lb_mm":0,"exact":0,"gw_mm":100976,"detail_id":226},"geometry":{"type":"LineString","coordinates":[[-87.65965285456075,41.74494032982991],[-87.65843913874222,41.74495780859012]]}},{"type":"Feature","id":227,"properties":{"sid":227,"lb_mm":0,"exact":0,"gw_mm":25752,"detail_id":227},"geometry":{"type":"LineString","coordinates":[[-87.65968489942503,41.91820975164071],[-87.65947937387892,41.918383503292134]]}},{"type":"Feature","id":228,"properties":{"sid":228,"lb_mm":0,"exact":0,"gw_mm":504509,"detail_id":228},"geometry":{"type":"LineString","coordinates":[[-87.65969861731037,41.74675906880664],[-87.65363444253191,41.746849765922825]]}},{"type":"Feature","id":229,"properties":{"sid":229,"lb_mm":0,"exact":0,"gw_mm":22044,"detail_id":229},"geometry":{"type":"LineString","coordinates":[[-87.65974516038528,42.002558899211934],[-87.66001118053352,42.00255489233156]]}},{"type":"Feature","id":230,"properties":{"sid":230,"lb_mm":0,"exact":0,"gw_mm":30722,"detail_id":230},"geometry":{"type":"LineString","coordinates":[[-87.65980501056073,41.98726777352522],[-87.66017566851346,41.98726196177681]]}},{"type":"Feature","id":231,"properties":{"sid":231,"lb_mm":0,"exact":0,"gw_mm":61863,"detail_id":231},"geometry":{"type":"LineString","coordinates":[[-87.65981647460066,41.974610809576966],[-87.66056274358743,41.97460125104283]]}},{"type":"Feature","id":232,"properties":{"sid":232,"lb_mm":0,"exact":0,"gw_mm":170171,"detail_id":232},"geometry":{"type":"LineString","coordinates":[[-87.65991200447819,41.97813588181226],[-87.65785925528051,41.978169623229526]]}},{"type":"Feature","id":233,"properties":{"sid":233,"lb_mm":0,"exact":0,"gw_mm":7942,"detail_id":233},"geometry":{"type":"LineString","coordinates":[[-87.66001118053352,42.00255489233156],[-87.66010702176138,42.00255344855296]]}},{"type":"Feature","id":234,"properties":{"sid":234,"lb_mm":0,"exact":0,"gw_mm":22890,"detail_id":234},"geometry":{"type":"LineString","coordinates":[[-87.66010702176138,42.00255344855296],[-87.6603832307701,42.002548399472566]]}},{"type":"Feature","id":235,"properties":{"sid":235,"lb_mm":0,"exact":0,"gw_mm":20068,"detail_id":235},"geometry":{"type":"LineString","coordinates":[[-87.6603832307701,42.002548399472566],[-87.66062539754347,42.00254422071489]]}},{"type":"Feature","id":236,"properties":{"sid":236,"lb_mm":0,"exact":0,"gw_mm":169920,"detail_id":236},"geometry":{"type":"LineString","coordinates":[[-87.66040065307693,41.994544634376766],[-87.65835015170241,41.994568069307476]]}},{"type":"Feature","id":237,"properties":{"sid":237,"lb_mm":0,"exact":0,"gw_mm":10798,"detail_id":237},"geometry":{"type":"LineString","coordinates":[[-87.66053096545774,41.99454347512571],[-87.66040065307693,41.994544634376766]]}},{"type":"Feature","id":238,"properties":{"sid":238,"lb_mm":0,"exact":0,"gw_mm":25736,"detail_id":238},"geometry":{"type":"LineString","coordinates":[[-87.66056274358743,41.97460125104283],[-87.66087320415564,41.97459727372673]]}},{"type":"Feature","id":239,"properties":{"sid":239,"lb_mm":0,"exact":0,"gw_mm":12542,"detail_id":239},"geometry":{"type":"LineString","coordinates":[[-87.66062539754347,42.00254422071489],[-87.66077677754774,42.00254315766181]]}},{"type":"Feature","id":240,"properties":{"sid":240,"lb_mm":0,"exact":0,"gw_mm":18512,"detail_id":240},"geometry":{"type":"LineString","coordinates":[[-87.66077677754774,42.00254315766181],[-87.66100021706053,42.00254158736008]]}},{"type":"Feature","id":241,"properties":{"sid":241,"lb_mm":0,"exact":0,"gw_mm":100933,"detail_id":241},"geometry":{"type":"LineString","coordinates":[[-87.66086600285611,41.74492141595432],[-87.65965285456075,41.74494032982991]]}},{"type":"Feature","id":242,"properties":{"sid":242,"lb_mm":0,"exact":0,"gw_mm":60638,"detail_id":242},"geometry":{"type":"LineString","coordinates":[[-87.66087320415564,41.97459727372673],[-87.66160460984045,41.97458470609711]]}},{"type":"Feature","id":243,"properties":{"sid":243,"lb_mm":0,"exact":0,"gw_mm":101087,"detail_id":243},"geometry":{"type":"LineString","coordinates":[[-87.66091370781514,41.74674199900876],[-87.65969861731037,41.74675906880664]]}},{"type":"Feature","id":244,"properties":{"sid":244,"lb_mm":0,"exact":0,"gw_mm":41152,"detail_id":244},"geometry":{"type":"LineString","coordinates":[[-87.66100021706053,42.00254158736008],[-87.66149688412814,42.00253598817803]]}},{"type":"Feature","id":245,"properties":{"sid":245,"lb_mm":0,"exact":0,"gw_mm":203255,"detail_id":245},"geometry":{"type":"LineString","coordinates":[[-87.66121231340482,41.854238557079164],[-87.66365949996604,41.85420162256304]]}},{"type":"Feature","id":246,"properties":{"sid":246,"lb_mm":0,"exact":0,"gw_mm":200655,"detail_id":246},"geometry":{"type":"LineString","coordinates":[[-87.66144124830954,41.94161134785753],[-87.66386055052983,41.9415795974081]]}},{"type":"Feature","id":247,"properties":{"sid":247,"lb_mm":0,"exact":0,"gw_mm":200953,"detail_id":247},"geometry":{"type":"LineString","coordinates":[[-87.66148885004134,41.94344954030382],[-87.66391161510963,41.94341019684934]]}},{"type":"Feature","id":248,"properties":{"sid":248,"lb_mm":0,"exact":0,"gw_mm":3441,"detail_id":248},"geometry":{"type":"LineString","coordinates":[[-87.66149688412814,42.00253598817803],[-87.66153840965089,42.002535501949694]]}},{"type":"Feature","id":249,"properties":{"sid":249,"lb_mm":0,"exact":0,"gw_mm":25438,"detail_id":249},"geometry":{"type":"LineString","coordinates":[[-87.66153840965089,42.002535501949694],[-87.66184541334968,42.00253190802703]]}},{"type":"Feature","id":250,"properties":{"sid":250,"lb_mm":0,"exact":0,"gw_mm":56235,"detail_id":250},"geometry":{"type":"LineString","coordinates":[[-87.66160460984045,41.97458470609711],[-87.66228295737895,41.974574732629854]]}},{"type":"Feature","id":251,"properties":{"sid":251,"lb_mm":0,"exact":0,"gw_mm":95594,"detail_id":251},"geometry":{"type":"LineString","coordinates":[[-87.66168458346222,41.99453244663867],[-87.66053096545774,41.99454347512571]]}},{"type":"Feature","id":252,"properties":{"sid":252,"lb_mm":0,"exact":0,"gw_mm":34330,"detail_id":252},"geometry":{"type":"LineString","coordinates":[[-87.66184541334968,42.00253190802703],[-87.66225973698265,42.00252678446936]]}},{"type":"Feature","id":253,"properties":{"sid":253,"lb_mm":0,"exact":0,"gw_mm":190925,"detail_id":253},"geometry":{"type":"LineString","coordinates":[[-87.66191723590485,41.70305964026554],[-87.65962387843659,41.7030936748595]]}},{"type":"Feature","id":254,"properties":{"sid":254,"lb_mm":0,"exact":0,"gw_mm":38860,"detail_id":254},"geometry":{"type":"LineString","coordinates":[[-87.66191723590485,41.70305964026554],[-87.66199760381379,41.70340429905347]]}},{"type":"Feature","id":255,"properties":{"sid":255,"lb_mm":0,"exact":0,"gw_mm":18591,"detail_id":255},"geometry":{"type":"LineString","coordinates":[[-87.66199760381379,41.70340429905347],[-87.66203374570291,41.70356947659034]]}},{"type":"Feature","id":256,"properties":{"sid":256,"lb_mm":0,"exact":0,"gw_mm":51184,"detail_id":256},"geometry":{"type":"LineString","coordinates":[[-87.66203287885064,41.70487796690624],[-87.6620374784236,41.70533879230858]]}},{"type":"Feature","id":257,"properties":{"sid":257,"lb_mm":0,"exact":0,"gw_mm":34617,"detail_id":257},"geometry":{"type":"LineString","coordinates":[[-87.66203374570291,41.70356947659034],[-87.66206620292438,41.7038801969463]]}},{"type":"Feature","id":258,"properties":{"sid":258,"lb_mm":0,"exact":0,"gw_mm":15193,"detail_id":258},"geometry":{"type":"LineString","coordinates":[[-87.6620370923876,41.70474121388078],[-87.66203287885064,41.70487796690624]]}},{"type":"Feature","id":259,"properties":{"sid":259,"lb_mm":0,"exact":0,"gw_mm":136881,"detail_id":259},"geometry":{"type":"LineString","coordinates":[[-87.6620374784236,41.70533879230858],[-87.66207061001812,41.706570951351814]]}},{"type":"Feature","id":260,"properties":{"sid":260,"lb_mm":0,"exact":0,"gw_mm":7524,"detail_id":260},"geometry":{"type":"LineString","coordinates":[[-87.66204209481933,41.7046735759271],[-87.6620370923876,41.70474121388078]]}},{"type":"Feature","id":261,"properties":{"sid":261,"lb_mm":0,"exact":0,"gw_mm":34230,"detail_id":261},"geometry":{"type":"LineString","coordinates":[[-87.66206370614395,41.7043658149333],[-87.66204209481933,41.7046735759271]]}},{"type":"Feature","id":262,"properties":{"sid":262,"lb_mm":0,"exact":0,"gw_mm":10133,"detail_id":262},"geometry":{"type":"LineString","coordinates":[[-87.66206620292438,41.7038801969463],[-87.66207039436705,41.70397137742463]]}},{"type":"Feature","id":263,"properties":{"sid":263,"lb_mm":0,"exact":0,"gw_mm":19232,"detail_id":263},"geometry":{"type":"LineString","coordinates":[[-87.66207039436705,41.70397137742463],[-87.66207560553883,41.7041444865726]]}},{"type":"Feature","id":264,"properties":{"sid":264,"lb_mm":0,"exact":0,"gw_mm":13592,"detail_id":264},"geometry":{"type":"LineString","coordinates":[[-87.66207061001812,41.706570951351814],[-87.6620778269117,41.70669321035382]]}},{"type":"Feature","id":265,"properties":{"sid":265,"lb_mm":0,"exact":0,"gw_mm":24602,"detail_id":265},"geometry":{"type":"LineString","coordinates":[[-87.66207560553883,41.7041444865726],[-87.66206370614395,41.7043658149333]]}},{"type":"Feature","id":266,"properties":{"sid":266,"lb_mm":0,"exact":0,"gw_mm":63082,"detail_id":266},"geometry":{"type":"LineString","coordinates":[[-87.6620778269117,41.70669321035382],[-87.66212157306781,41.707260222260146]]}},{"type":"Feature","id":267,"properties":{"sid":267,"lb_mm":0,"exact":0,"gw_mm":101100,"detail_id":267},"geometry":{"type":"LineString","coordinates":[[-87.66208124443114,41.74490564826172],[-87.66086600285611,41.74492141595432]]}},{"type":"Feature","id":268,"properties":{"sid":268,"lb_mm":0,"exact":0,"gw_mm":112799,"detail_id":268},"geometry":{"type":"LineString","coordinates":[[-87.66212157306781,41.707260222260146],[-87.66221575458663,41.708273354741095]]}},{"type":"Feature","id":269,"properties":{"sid":269,"lb_mm":0,"exact":0,"gw_mm":100818,"detail_id":269},"geometry":{"type":"LineString","coordinates":[[-87.66212555433725,41.74672466871603],[-87.66091370781514,41.74674199900876]]}},{"type":"Feature","id":270,"properties":{"sid":270,"lb_mm":0,"exact":0,"gw_mm":81694,"detail_id":270},"geometry":{"type":"LineString","coordinates":[[-87.66221575458663,41.708273354741095],[-87.6622823143237,41.70900719282424]]}},{"type":"Feature","id":271,"properties":{"sid":271,"lb_mm":0,"exact":0,"gw_mm":21965,"detail_id":271},"geometry":{"type":"LineString","coordinates":[[-87.66225973698265,42.00252678446936],[-87.66252483106166,42.00252346499861]]}},{"type":"Feature","id":272,"properties":{"sid":272,"lb_mm":0,"exact":0,"gw_mm":118883,"detail_id":272},"geometry":{"type":"LineString","coordinates":[[-87.6622823143237,41.70900719282424],[-87.6623785176164,41.710075132142244]]}},{"type":"Feature","id":273,"properties":{"sid":273,"lb_mm":0,"exact":0,"gw_mm":5614,"detail_id":273},"geometry":{"type":"LineString","coordinates":[[-87.66228295737895,41.974574732629854],[-87.6623506824149,41.974573692466144]]}},{"type":"Feature","id":274,"properties":{"sid":274,"lb_mm":0,"exact":0,"gw_mm":64572,"detail_id":274},"geometry":{"type":"LineString","coordinates":[[-87.6623506824149,41.974573692466144],[-87.66312958351313,41.97456173123132]]}},{"type":"Feature","id":275,"properties":{"sid":275,"lb_mm":0,"exact":0,"gw_mm":61000,"detail_id":275},"geometry":{"type":"LineString","coordinates":[[-87.6623785176164,41.710075132142244],[-87.66242866930945,41.71062306080833]]}},{"type":"Feature","id":276,"properties":{"sid":276,"lb_mm":0,"exact":0,"gw_mm":23387,"detail_id":276},"geometry":{"type":"LineString","coordinates":[[-87.66242866930945,41.71062306080833],[-87.66245019108366,41.71083301165956]]}},{"type":"Feature","id":277,"properties":{"sid":277,"lb_mm":0,"exact":0,"gw_mm":33096,"detail_id":277},"geometry":{"type":"LineString","coordinates":[[-87.66245019108366,41.71083301165956],[-87.66249780285592,41.711128853181926]]}},{"type":"Feature","id":278,"properties":{"sid":278,"lb_mm":0,"exact":0,"gw_mm":13239,"detail_id":278},"geometry":{"type":"LineString","coordinates":[[-87.66249780285592,41.711128853181926],[-87.66252513543206,41.711246276569675]]}},{"type":"Feature","id":279,"properties":{"sid":279,"lb_mm":0,"exact":0,"gw_mm":12328,"detail_id":279},"geometry":{"type":"LineString","coordinates":[[-87.66252483106166,42.00252346499861],[-87.66267361818196,42.00252160191138]]}},{"type":"Feature","id":280,"properties":{"sid":280,"lb_mm":0,"exact":0,"gw_mm":97793,"detail_id":280},"geometry":{"type":"LineString","coordinates":[[-87.66252513543206,41.711246276569675],[-87.66276059558447,41.712108902453934]]}},{"type":"Feature","id":281,"properties":{"sid":281,"lb_mm":0,"exact":0,"gw_mm":19289,"detail_id":281},"geometry":{"type":"LineString","coordinates":[[-87.66267361818196,42.00252160191138],[-87.66290609213053,42.00251201019598]]}},{"type":"Feature","id":282,"properties":{"sid":282,"lb_mm":0,"exact":0,"gw_mm":89867,"detail_id":282},"geometry":{"type":"LineString","coordinates":[[-87.66276059558447,41.712108902453934],[-87.6630021420012,41.71289752156111]]}},{"type":"Feature","id":283,"properties":{"sid":283,"lb_mm":0,"exact":0,"gw_mm":101013,"detail_id":283},"geometry":{"type":"LineString","coordinates":[[-87.66290353834853,41.99451795729059],[-87.66168458346222,41.99453244663867]]}},{"type":"Feature","id":284,"properties":{"sid":284,"lb_mm":0,"exact":0,"gw_mm":4168,"detail_id":284},"geometry":{"type":"LineString","coordinates":[[-87.66290609213053,42.00251201019598],[-87.66295573382007,42.002505896127126]]}},{"type":"Feature","id":285,"properties":{"sid":285,"lb_mm":0,"exact":0,"gw_mm":40817,"detail_id":285},"geometry":{"type":"LineString","coordinates":[[-87.66295573382007,42.002505896127126],[-87.66344208403218,42.002447220912934]]}},{"type":"Feature","id":286,"properties":{"sid":286,"lb_mm":0,"exact":0,"gw_mm":58086,"detail_id":286},"geometry":{"type":"LineString","coordinates":[[-87.66295573382007,42.002505896127126],[-87.66348425754308,42.002849518438104]]}},{"type":"Feature","id":287,"properties":{"sid":287,"lb_mm":0,"exact":0,"gw_mm":119612,"detail_id":287},"geometry":{"type":"LineString","coordinates":[[-87.6630021420012,41.71289752156111],[-87.663321464102,41.713947530689644]]}},{"type":"Feature","id":288,"properties":{"sid":288,"lb_mm":0,"exact":0,"gw_mm":67750,"detail_id":288},"geometry":{"type":"LineString","coordinates":[[-87.66312958351313,41.97456173123132],[-87.66394679517384,41.97454816764068]]}},{"type":"Feature","id":289,"properties":{"sid":289,"lb_mm":0,"exact":0,"gw_mm":174709,"detail_id":289},"geometry":{"type":"LineString","coordinates":[[-87.66316765585219,41.71834439021785],[-87.6637162238803,41.719862740384045]]}},{"type":"Feature","id":290,"properties":{"sid":290,"lb_mm":0,"exact":0,"gw_mm":101122,"detail_id":290},"geometry":{"type":"LineString","coordinates":[[-87.66329665987621,41.7448861700403],[-87.66208124443114,41.74490564826172]]}},{"type":"Feature","id":291,"properties":{"sid":291,"lb_mm":0,"exact":0,"gw_mm":331166,"detail_id":291},"geometry":{"type":"LineString","coordinates":[[-87.663321464102,41.713947530689644],[-87.66421697581859,41.716852711570915]]}},{"type":"Feature","id":292,"properties":{"sid":292,"lb_mm":0,"exact":0,"gw_mm":100954,"detail_id":292},"geometry":{"type":"LineString","coordinates":[[-87.66333903147952,41.746707012818305],[-87.66212555433725,41.74672466871603]]}},{"type":"Feature","id":293,"properties":{"sid":293,"lb_mm":0,"exact":0,"gw_mm":34918,"detail_id":293},"geometry":{"type":"LineString","coordinates":[[-87.66344208403218,42.002447220912934],[-87.66386323431419,42.00243493963209]]}},{"type":"Feature","id":294,"properties":{"sid":294,"lb_mm":0,"exact":0,"gw_mm":7163,"detail_id":294},"geometry":{"type":"LineString","coordinates":[[-87.66348425754308,42.002849518438104],[-87.66353684845383,42.00290070251617]]}},{"type":"Feature","id":295,"properties":{"sid":295,"lb_mm":0,"exact":0,"gw_mm":11168,"detail_id":295},"geometry":{"type":"LineString","coordinates":[[-87.66353684845383,42.00290070251617],[-87.66355214682952,42.0030005969771]]}},{"type":"Feature","id":296,"properties":{"sid":296,"lb_mm":0,"exact":0,"gw_mm":55006,"detail_id":296},"geometry":{"type":"LineString","coordinates":[[-87.66355214682952,42.0030005969771],[-87.66356970559713,42.00349564512275]]}},{"type":"Feature","id":297,"properties":{"sid":297,"lb_mm":0,"exact":0,"gw_mm":46662,"detail_id":297},"geometry":{"type":"LineString","coordinates":[[-87.66365949996604,41.85420162256304],[-87.66422131893842,41.854193394230954]]}},{"type":"Feature","id":298,"properties":{"sid":298,"lb_mm":0,"exact":0,"gw_mm":53313,"detail_id":298},"geometry":{"type":"LineString","coordinates":[[-87.6637162238803,41.719862740384045],[-87.66388772105975,41.720325223967464]]}},{"type":"Feature","id":299,"properties":{"sid":299,"lb_mm":0,"exact":0,"gw_mm":50770,"detail_id":299},"geometry":{"type":"LineString","coordinates":[[-87.66386055052983,41.9415795974081],[-87.66447276472235,41.94157684341834]]}},{"type":"Feature","id":300,"properties":{"sid":300,"lb_mm":0,"exact":0,"gw_mm":147076,"detail_id":300},"geometry":{"type":"LineString","coordinates":[[-87.66386323431419,42.00243493963209],[-87.66563824128423,42.002412816931056]]}},{"type":"Feature","id":301,"properties":{"sid":301,"lb_mm":0,"exact":0,"gw_mm":37750,"detail_id":301},"geometry":{"type":"LineString","coordinates":[[-87.66388772105975,41.720325223967464],[-87.66404567096671,41.72064383993734]]}},{"type":"Feature","id":302,"properties":{"sid":302,"lb_mm":0,"exact":0,"gw_mm":100759,"detail_id":302},"geometry":{"type":"LineString","coordinates":[[-87.66391161510963,41.94341019684934],[-87.66512641265027,41.94339096383301]]}},{"type":"Feature","id":303,"properties":{"sid":303,"lb_mm":0,"exact":0,"gw_mm":62287,"detail_id":303},"geometry":{"type":"LineString","coordinates":[[-87.66394679517384,41.97454816764068],[-87.66469803843452,41.97453366573098]]}},{"type":"Feature","id":304,"properties":{"sid":304,"lb_mm":0,"exact":0,"gw_mm":63913,"detail_id":304},"geometry":{"type":"LineString","coordinates":[[-87.66404567096671,41.72064383993734],[-87.66431374057369,41.72118309132902]]}},{"type":"Feature","id":305,"properties":{"sid":305,"lb_mm":0,"exact":0,"gw_mm":98185,"detail_id":305},"geometry":{"type":"LineString","coordinates":[[-87.664088372539,41.994503900708],[-87.66290353834853,41.99451795729059]]}},{"type":"Feature","id":306,"properties":{"sid":306,"lb_mm":0,"exact":0,"gw_mm":141075,"detail_id":306},"geometry":{"type":"LineString","coordinates":[[-87.66421697581859,41.716852711570915],[-87.66459955078386,41.71809011606954]]}},{"type":"Feature","id":307,"properties":{"sid":307,"lb_mm":0,"exact":0,"gw_mm":101072,"detail_id":307},"geometry":{"type":"LineString","coordinates":[[-87.66422131893842,41.854193394230954],[-87.66543831436626,41.85417893802255]]}},{"type":"Feature","id":308,"properties":{"sid":308,"lb_mm":0,"exact":0,"gw_mm":118448,"detail_id":308},"geometry":{"type":"LineString","coordinates":[[-87.66424956340971,42.018223512795856],[-87.6645562686137,42.01926508828432]]}},{"type":"Feature","id":309,"properties":{"sid":309,"lb_mm":0,"exact":0,"gw_mm":23465,"detail_id":309},"geometry":{"type":"LineString","coordinates":[[-87.66447276472235,41.94157684341834],[-87.6647556432525,41.941571632277025]]}},{"type":"Feature","id":310,"properties":{"sid":310,"lb_mm":0,"exact":0,"gw_mm":16599,"detail_id":310},"geometry":{"type":"LineString","coordinates":[[-87.66449969057483,41.95801967622719],[-87.66469859675037,41.95800264007315]]}},{"type":"Feature","id":311,"properties":{"sid":311,"lb_mm":0,"exact":0,"gw_mm":100940,"detail_id":311},"geometry":{"type":"LineString","coordinates":[[-87.66455234769845,41.74668985817249],[-87.66333903147952,41.746707012818305]]}},{"type":"Feature","id":312,"properties":{"sid":312,"lb_mm":0,"exact":0,"gw_mm":160103,"detail_id":312},"geometry":{"type":"LineString","coordinates":[[-87.6645562686137,42.01926508828432],[-87.66498064796316,42.02067133272405]]}},{"type":"Feature","id":313,"properties":{"sid":313,"lb_mm":0,"exact":0,"gw_mm":122457,"detail_id":313},"geometry":{"type":"LineString","coordinates":[[-87.66459955078386,41.71809011606954],[-87.66316765585219,41.71834439021785]]}},{"type":"Feature","id":314,"properties":{"sid":314,"lb_mm":0,"exact":0,"gw_mm":405026,"detail_id":314},"geometry":{"type":"LineString","coordinates":[[-87.66467456336969,41.97356079283035],[-87.65978902602114,41.97363678707434]]}},{"type":"Feature","id":315,"properties":{"sid":315,"lb_mm":0,"exact":0,"gw_mm":17179,"detail_id":315},"geometry":{"type":"LineString","coordinates":[[-87.66467456336969,41.97356079283035],[-87.66467022908776,41.97340615899996]]}},{"type":"Feature","id":316,"properties":{"sid":316,"lb_mm":0,"exact":0,"gw_mm":13690,"detail_id":316},"geometry":{"type":"LineString","coordinates":[[-87.66469516125461,41.97441043479751],[-87.66469803843452,41.97453366573098]]}},{"type":"Feature","id":317,"properties":{"sid":317,"lb_mm":0,"exact":0,"gw_mm":6778,"detail_id":317},"geometry":{"type":"LineString","coordinates":[[-87.66469803843452,41.97453366573098],[-87.66469946343476,41.97459467744869]]}},{"type":"Feature","id":318,"properties":{"sid":318,"lb_mm":0,"exact":0,"gw_mm":37258,"detail_id":318},"geometry":{"type":"LineString","coordinates":[[-87.66469859675037,41.95800264007315],[-87.66514793348647,41.95799674890582]]}},{"type":"Feature","id":319,"properties":{"sid":319,"lb_mm":0,"exact":0,"gw_mm":31575,"detail_id":319},"geometry":{"type":"LineString","coordinates":[[-87.66469946343476,41.97459467744869],[-87.66470877220227,41.97487886657609]]}},{"type":"Feature","id":320,"properties":{"sid":320,"lb_mm":0,"exact":0,"gw_mm":22978,"detail_id":320},"geometry":{"type":"LineString","coordinates":[[-87.66470877220227,41.97487886657609],[-87.66471554702133,41.975085681289855]]}},{"type":"Feature","id":321,"properties":{"sid":321,"lb_mm":0,"exact":0,"gw_mm":28848,"detail_id":321},"geometry":{"type":"LineString","coordinates":[[-87.66471554702133,41.975085681289855],[-87.6647224821312,41.975345347884826]]}},{"type":"Feature","id":322,"properties":{"sid":322,"lb_mm":0,"exact":0,"gw_mm":49619,"detail_id":322},"geometry":{"type":"LineString","coordinates":[[-87.6647224821312,41.975345347884826],[-87.66473441257911,41.9757919855042]]}},{"type":"Feature","id":323,"properties":{"sid":323,"lb_mm":0,"exact":0,"gw_mm":49763,"detail_id":323},"geometry":{"type":"LineString","coordinates":[[-87.66473441257911,41.9757919855042],[-87.66474637786249,41.97623991886043]]}},{"type":"Feature","id":324,"properties":{"sid":324,"lb_mm":0,"exact":0,"gw_mm":16418,"detail_id":324},"geometry":{"type":"LineString","coordinates":[[-87.66474637786249,41.97623991886043],[-87.66475032556808,41.97638770428149]]}},{"type":"Feature","id":325,"properties":{"sid":325,"lb_mm":0,"exact":0,"gw_mm":22038,"detail_id":325},"geometry":{"type":"LineString","coordinates":[[-87.66475032556808,41.97638770428149],[-87.66475630464956,41.976586062943895]]}},{"type":"Feature","id":326,"properties":{"sid":326,"lb_mm":0,"exact":0,"gw_mm":127028,"detail_id":326},"geometry":{"type":"LineString","coordinates":[[-87.6647556432525,41.941571632277025],[-87.66628725195811,41.94155274306568]]}},{"type":"Feature","id":327,"properties":{"sid":327,"lb_mm":0,"exact":0,"gw_mm":51821,"detail_id":327},"geometry":{"type":"LineString","coordinates":[[-87.66475630464956,41.976586062943895],[-87.6647704753542,41.97705249457517]]}},{"type":"Feature","id":328,"properties":{"sid":328,"lb_mm":0,"exact":0,"gw_mm":11188,"detail_id":328},"geometry":{"type":"LineString","coordinates":[[-87.6647704753542,41.97705249457517],[-87.66477220662743,41.97715321692906]]}},{"type":"Feature","id":329,"properties":{"sid":329,"lb_mm":0,"exact":0,"gw_mm":5048,"detail_id":329},"geometry":{"type":"LineString","coordinates":[[-87.66477175190113,41.9772168790352],[-87.66477199568367,41.97726232441068]]}},{"type":"Feature","id":330,"properties":{"sid":330,"lb_mm":0,"exact":0,"gw_mm":20724,"detail_id":330},"geometry":{"type":"LineString","coordinates":[[-87.66477199568367,41.97726232441068],[-87.66477791519314,41.97744885511285]]}},{"type":"Feature","id":331,"properties":{"sid":331,"lb_mm":0,"exact":0,"gw_mm":7071,"detail_id":331},"geometry":{"type":"LineString","coordinates":[[-87.66477220662743,41.97715321692906],[-87.66477175190113,41.9772168790352]]}},{"type":"Feature","id":332,"properties":{"sid":332,"lb_mm":0,"exact":0,"gw_mm":27427,"detail_id":332},"geometry":{"type":"LineString","coordinates":[[-87.66477791519314,41.97744885511285],[-87.66478573998205,41.977695713341234]]}},{"type":"Feature","id":333,"properties":{"sid":333,"lb_mm":0,"exact":0,"gw_mm":40993,"detail_id":333},"geometry":{"type":"LineString","coordinates":[[-87.66478573998205,41.977695713341234],[-87.66479421285736,41.978064727049336]]}},{"type":"Feature","id":334,"properties":{"sid":334,"lb_mm":0,"exact":0,"gw_mm":17198,"detail_id":334},"geometry":{"type":"LineString","coordinates":[[-87.66479421285736,41.978064727049336],[-87.66479776745997,41.97821954167835]]}},{"type":"Feature","id":335,"properties":{"sid":335,"lb_mm":0,"exact":0,"gw_mm":44182,"detail_id":335},"geometry":{"type":"LineString","coordinates":[[-87.66479776745997,41.97821954167835],[-87.66480971610399,41.978617218558604]]}},{"type":"Feature","id":336,"properties":{"sid":336,"lb_mm":0,"exact":0,"gw_mm":30998,"detail_id":336},"geometry":{"type":"LineString","coordinates":[[-87.66480971610399,41.978617218558604],[-87.66481856719373,41.978896217139166]]}},{"type":"Feature","id":337,"properties":{"sid":337,"lb_mm":0,"exact":0,"gw_mm":9039,"detail_id":337},"geometry":{"type":"LineString","coordinates":[[-87.66481856719373,41.978896217139166],[-87.66482002431026,41.978977591664325]]}},{"type":"Feature","id":338,"properties":{"sid":338,"lb_mm":0,"exact":0,"gw_mm":9686,"detail_id":338},"geometry":{"type":"LineString","coordinates":[[-87.66482002431026,41.978977591664325],[-87.66482158467973,41.97906478379415]]}},{"type":"Feature","id":339,"properties":{"sid":339,"lb_mm":0,"exact":0,"gw_mm":48751,"detail_id":339},"geometry":{"type":"LineString","coordinates":[[-87.66482158467973,41.97906478379415],[-87.66483391293397,41.97950359780456]]}},{"type":"Feature","id":340,"properties":{"sid":340,"lb_mm":0,"exact":0,"gw_mm":42966,"detail_id":340},"geometry":{"type":"LineString","coordinates":[[-87.66483391293397,41.97950359780456],[-87.66484456328018,41.979890346083835]]}},{"type":"Feature","id":341,"properties":{"sid":341,"lb_mm":0,"exact":0,"gw_mm":13270,"detail_id":341},"geometry":{"type":"LineString","coordinates":[[-87.66484456328018,41.979890346083835],[-87.66484785330869,41.98000979073186]]}},{"type":"Feature","id":342,"properties":{"sid":342,"lb_mm":0,"exact":0,"gw_mm":28180,"detail_id":342},"geometry":{"type":"LineString","coordinates":[[-87.66484785330869,41.98000979073186],[-87.66485575605593,41.980263428752636]]}},{"type":"Feature","id":343,"properties":{"sid":343,"lb_mm":0,"exact":0,"gw_mm":47465,"detail_id":343},"geometry":{"type":"LineString","coordinates":[[-87.66485575605593,41.980263428752636],[-87.66486908807767,41.980690640617745]]}},{"type":"Feature","id":344,"properties":{"sid":344,"lb_mm":0,"exact":0,"gw_mm":12510,"detail_id":344},"geometry":{"type":"LineString","coordinates":[[-87.66486908807767,41.980690640617745],[-87.66487199233227,41.98080325133271]]}},{"type":"Feature","id":345,"properties":{"sid":345,"lb_mm":0,"exact":0,"gw_mm":9550,"detail_id":345},"geometry":{"type":"LineString","coordinates":[[-87.66487199233227,41.98080325133271],[-87.664874219659,41.98088921297201]]}},{"type":"Feature","id":346,"properties":{"sid":346,"lb_mm":0,"exact":0,"gw_mm":52874,"detail_id":346},"geometry":{"type":"LineString","coordinates":[[-87.664874219659,41.98088921297201],[-87.6648889563727,41.981365115362614]]}},{"type":"Feature","id":347,"properties":{"sid":347,"lb_mm":0,"exact":0,"gw_mm":30058,"detail_id":347},"geometry":{"type":"LineString","coordinates":[[-87.6648889563727,41.981365115362614],[-87.66489730640946,41.98163565863412]]}},{"type":"Feature","id":348,"properties":{"sid":348,"lb_mm":0,"exact":0,"gw_mm":8925,"detail_id":348},"geometry":{"type":"LineString","coordinates":[[-87.66489730640946,41.98163565863412],[-87.6648982748488,41.981716003903756]]}},{"type":"Feature","id":349,"properties":{"sid":349,"lb_mm":0,"exact":0,"gw_mm":9409,"detail_id":349},"geometry":{"type":"LineString","coordinates":[[-87.6648982748488,41.981716003903756],[-87.66489929544908,41.981800707050525]]}},{"type":"Feature","id":350,"properties":{"sid":350,"lb_mm":0,"exact":0,"gw_mm":32055,"detail_id":350},"geometry":{"type":"LineString","coordinates":[[-87.66489929544908,41.981800707050525],[-87.66490536233881,41.98208926692095]]}},{"type":"Feature","id":351,"properties":{"sid":351,"lb_mm":0,"exact":0,"gw_mm":32487,"detail_id":351},"geometry":{"type":"LineString","coordinates":[[-87.66490536233881,41.98208926692095],[-87.66491377816469,41.98238168214147]]}},{"type":"Feature","id":352,"properties":{"sid":352,"lb_mm":0,"exact":0,"gw_mm":24591,"detail_id":352},"geometry":{"type":"LineString","coordinates":[[-87.66491377816469,41.98238168214147],[-87.66491965753252,41.982603036117226]]}},{"type":"Feature","id":353,"properties":{"sid":353,"lb_mm":0,"exact":0,"gw_mm":12495,"detail_id":353},"geometry":{"type":"LineString","coordinates":[[-87.66491965753252,41.982603036117226],[-87.66492264540028,41.98271551043145]]}},{"type":"Feature","id":354,"properties":{"sid":354,"lb_mm":0,"exact":0,"gw_mm":30127,"detail_id":354},"geometry":{"type":"LineString","coordinates":[[-87.66492264540028,41.98271551043145],[-87.6649316155881,41.98298666226725]]}},{"type":"Feature","id":355,"properties":{"sid":355,"lb_mm":0,"exact":0,"gw_mm":46165,"detail_id":355},"geometry":{"type":"LineString","coordinates":[[-87.6649316155881,41.98298666226725],[-87.66494540161416,41.98340215883708]]}},{"type":"Feature","id":356,"properties":{"sid":356,"lb_mm":0,"exact":0,"gw_mm":15327,"detail_id":356},"geometry":{"type":"LineString","coordinates":[[-87.66494540161416,41.98340215883708],[-87.66494998626341,41.98354010632547]]}},{"type":"Feature","id":357,"properties":{"sid":357,"lb_mm":0,"exact":0,"gw_mm":14135,"detail_id":357},"geometry":{"type":"LineString","coordinates":[[-87.66494998626341,41.98354010632547],[-87.66495421492014,41.98366732706606]]}},{"type":"Feature","id":358,"properties":{"sid":358,"lb_mm":0,"exact":0,"gw_mm":36639,"detail_id":358},"geometry":{"type":"LineString","coordinates":[[-87.66495421492014,41.98366732706606],[-87.66496328272065,41.983997122091]]}},{"type":"Feature","id":359,"properties":{"sid":359,"lb_mm":0,"exact":0,"gw_mm":4004,"detail_id":359},"geometry":{"type":"LineString","coordinates":[[-87.66496328272065,41.983997122091],[-87.66496427420772,41.98403315976927]]}},{"type":"Feature","id":360,"properties":{"sid":360,"lb_mm":0,"exact":0,"gw_mm":5037,"detail_id":360},"geometry":{"type":"LineString","coordinates":[[-87.66496427420772,41.98403315976927],[-87.6649654712848,41.98407849990146]]}},{"type":"Feature","id":361,"properties":{"sid":361,"lb_mm":0,"exact":0,"gw_mm":34346,"detail_id":361},"geometry":{"type":"LineString","coordinates":[[-87.6649654712848,41.98407849990146],[-87.66497397187729,41.98438765615295]]}},{"type":"Feature","id":362,"properties":{"sid":362,"lb_mm":0,"exact":0,"gw_mm":14444,"detail_id":362},"geometry":{"type":"LineString","coordinates":[[-87.66497397187729,41.98438765615295],[-87.66497746668935,41.98451766901083]]}},{"type":"Feature","id":363,"properties":{"sid":363,"lb_mm":0,"exact":0,"gw_mm":54198,"detail_id":363},"geometry":{"type":"LineString","coordinates":[[-87.66497746668935,41.98451766901083],[-87.66499061234262,41.98500551634247]]}},{"type":"Feature","id":364,"properties":{"sid":364,"lb_mm":0,"exact":0,"gw_mm":23365,"detail_id":364},"geometry":{"type":"LineString","coordinates":[[-87.66498064796316,42.02067133272405],[-87.66505521414285,42.02087420997327]]}},{"type":"Feature","id":365,"properties":{"sid":365,"lb_mm":0,"exact":0,"gw_mm":34471,"detail_id":365},"geometry":{"type":"LineString","coordinates":[[-87.66499061234262,41.98500551634247],[-87.66499850758115,41.98531580342793]]}},{"type":"Feature","id":366,"properties":{"sid":366,"lb_mm":0,"exact":0,"gw_mm":19105,"detail_id":366},"geometry":{"type":"LineString","coordinates":[[-87.66499850758115,41.98531580342793],[-87.66500420902216,41.9854877527329]]}},{"type":"Feature","id":367,"properties":{"sid":367,"lb_mm":0,"exact":0,"gw_mm":33741,"detail_id":367},"geometry":{"type":"LineString","coordinates":[[-87.66500420902216,41.9854877527329],[-87.66501427676808,41.98579143685383]]}},{"type":"Feature","id":368,"properties":{"sid":368,"lb_mm":0,"exact":0,"gw_mm":13624,"detail_id":368},"geometry":{"type":"LineString","coordinates":[[-87.66501427676808,41.98579143685383],[-87.66501778495844,41.98591406709477]]}},{"type":"Feature","id":369,"properties":{"sid":369,"lb_mm":0,"exact":0,"gw_mm":3211,"detail_id":369},"geometry":{"type":"LineString","coordinates":[[-87.66501778495844,41.98591406709477],[-87.66501861219162,41.98594296873147]]}},{"type":"Feature","id":370,"properties":{"sid":370,"lb_mm":0,"exact":0,"gw_mm":23964,"detail_id":370},"geometry":{"type":"LineString","coordinates":[[-87.66501861219162,41.98594296873147],[-87.66502478168768,41.98615867111755]]}},{"type":"Feature","id":371,"properties":{"sid":371,"lb_mm":0,"exact":0,"gw_mm":20137,"detail_id":371},"geometry":{"type":"LineString","coordinates":[[-87.66502478168768,41.98615867111755],[-87.66502988751763,41.986339927185774]]}},{"type":"Feature","id":372,"properties":{"sid":372,"lb_mm":0,"exact":0,"gw_mm":13392,"detail_id":372},"geometry":{"type":"LineString","coordinates":[[-87.66502988751763,41.986339927185774],[-87.66503328482648,41.98646047161746]]}},{"type":"Feature","id":373,"properties":{"sid":373,"lb_mm":0,"exact":0,"gw_mm":22585,"detail_id":373},"geometry":{"type":"LineString","coordinates":[[-87.66503328482648,41.98646047161746],[-87.66503877449148,41.98666376085252]]}},{"type":"Feature","id":374,"properties":{"sid":374,"lb_mm":0,"exact":0,"gw_mm":117342,"detail_id":374},"geometry":{"type":"LineString","coordinates":[[-87.66503877449148,41.98666376085252],[-87.66506905485642,41.98771996282276]]}},{"type":"Feature","id":375,"properties":{"sid":375,"lb_mm":0,"exact":0,"gw_mm":176919,"detail_id":375},"geometry":{"type":"LineString","coordinates":[[-87.66505521414285,42.02087420997327],[-87.66568422429884,42.022396395531665]]}},{"type":"Feature","id":376,"properties":{"sid":376,"lb_mm":0,"exact":0,"gw_mm":40840,"detail_id":376},"geometry":{"type":"LineString","coordinates":[[-87.66506905485642,41.98771996282276],[-87.66507990402182,41.988087559994206]]}},{"type":"Feature","id":377,"properties":{"sid":377,"lb_mm":0,"exact":0,"gw_mm":101194,"detail_id":377},"geometry":{"type":"LineString","coordinates":[[-87.66507990402182,41.988087559994206],[-87.66510767884937,41.98899837806697]]}},{"type":"Feature","id":378,"properties":{"sid":378,"lb_mm":0,"exact":0,"gw_mm":105146,"detail_id":378},"geometry":{"type":"LineString","coordinates":[[-87.66510767884937,41.98899837806697],[-87.6651355068799,41.98994478611064]]}},{"type":"Feature","id":379,"properties":{"sid":379,"lb_mm":0,"exact":0,"gw_mm":100359,"detail_id":379},"geometry":{"type":"LineString","coordinates":[[-87.66512641265027,41.94339096383301],[-87.66633642667261,41.94337289301432]]}},{"type":"Feature","id":380,"properties":{"sid":380,"lb_mm":0,"exact":0,"gw_mm":100359,"detail_id":380},"geometry":{"type":"LineString","coordinates":[[-87.6651355068799,41.98994478611064],[-87.66515890037442,41.99084815700836]]}},{"type":"Feature","id":381,"properties":{"sid":381,"lb_mm":0,"exact":0,"gw_mm":42368,"detail_id":381},"geometry":{"type":"LineString","coordinates":[[-87.66514793348647,41.95799674890582],[-87.66565889808695,41.95799006197783]]}},{"type":"Feature","id":382,"properties":{"sid":382,"lb_mm":0,"exact":0,"gw_mm":100573,"detail_id":382},"geometry":{"type":"LineString","coordinates":[[-87.66515890037442,41.99084815700836],[-87.66519090238144,41.99175330468764]]}},{"type":"Feature","id":383,"properties":{"sid":383,"lb_mm":0,"exact":0,"gw_mm":100463,"detail_id":383},"geometry":{"type":"LineString","coordinates":[[-87.66519090238144,41.99175330468764],[-87.6652193255533,41.99265752836406]]}},{"type":"Feature","id":384,"properties":{"sid":384,"lb_mm":0,"exact":0,"gw_mm":100314,"detail_id":384},"geometry":{"type":"LineString","coordinates":[[-87.6652193255533,41.99265752836406],[-87.66524645243295,41.99356043707953]]}},{"type":"Feature","id":385,"properties":{"sid":385,"lb_mm":0,"exact":0,"gw_mm":103199,"detail_id":385},"geometry":{"type":"LineString","coordinates":[[-87.66524645243295,41.99356043707953],[-87.66527551481354,41.99448928982692]]}},{"type":"Feature","id":386,"properties":{"sid":386,"lb_mm":0,"exact":0,"gw_mm":98378,"detail_id":386},"geometry":{"type":"LineString","coordinates":[[-87.66527551481354,41.99448928982692],[-87.664088372539,41.994503900708]]}},{"type":"Feature","id":387,"properties":{"sid":387,"lb_mm":0,"exact":0,"gw_mm":108038,"detail_id":387},"geometry":{"type":"LineString","coordinates":[[-87.66527551481354,41.99448928982692],[-87.66530621882998,41.995461694303884]]}},{"type":"Feature","id":388,"properties":{"sid":388,"lb_mm":0,"exact":0,"gw_mm":95824,"detail_id":388},"geometry":{"type":"LineString","coordinates":[[-87.66530621882998,41.995461694303884],[-87.66533126451739,41.996324201061626]]}},{"type":"Feature","id":389,"properties":{"sid":389,"lb_mm":0,"exact":0,"gw_mm":109523,"detail_id":389},"geometry":{"type":"LineString","coordinates":[[-87.66533126451739,41.996324201061626],[-87.66536290322308,41.99730996064549]]}},{"type":"Feature","id":390,"properties":{"sid":390,"lb_mm":0,"exact":0,"gw_mm":54643,"detail_id":390},"geometry":{"type":"LineString","coordinates":[[-87.66536290322308,41.99730996064549],[-87.66537431279389,41.997801841012645]]}},{"type":"Feature","id":391,"properties":{"sid":391,"lb_mm":0,"exact":0,"gw_mm":36414,"detail_id":391},"geometry":{"type":"LineString","coordinates":[[-87.66537431279389,41.997801841012645],[-87.66539906181093,41.99812915603011]]}},{"type":"Feature","id":392,"properties":{"sid":392,"lb_mm":0,"exact":0,"gw_mm":35289,"detail_id":392},"geometry":{"type":"LineString","coordinates":[[-87.66543831436626,41.85417893802255],[-87.66586323443333,41.85417419200997]]}},{"type":"Feature","id":393,"properties":{"sid":393,"lb_mm":0,"exact":0,"gw_mm":203420,"detail_id":393},"geometry":{"type":"LineString","coordinates":[[-87.66549870226714,41.99812755968435],[-87.66556400163529,41.999958312617295]]}},{"type":"Feature","id":394,"properties":{"sid":394,"lb_mm":0,"exact":0,"gw_mm":46471,"detail_id":394},"geometry":{"type":"LineString","coordinates":[[-87.66556400163529,41.999958312617295],[-87.66557717241722,42.00037657641973]]}},{"type":"Feature","id":395,"properties":{"sid":395,"lb_mm":0,"exact":0,"gw_mm":269790,"detail_id":395},"geometry":{"type":"LineString","coordinates":[[-87.66557247639871,41.89336076400656],[-87.66232218436227,41.893408309451274]]}},{"type":"Feature","id":396,"properties":{"sid":396,"lb_mm":0,"exact":0,"gw_mm":109036,"detail_id":396},"geometry":{"type":"LineString","coordinates":[[-87.66557717241722,42.00037657641973],[-87.66560659356455,42.00135798640337]]}},{"type":"Feature","id":397,"properties":{"sid":397,"lb_mm":0,"exact":0,"gw_mm":48179,"detail_id":397},"geometry":{"type":"LineString","coordinates":[[-87.66560659356455,42.00135798640337],[-87.66561937813617,42.00179164336428]]}},{"type":"Feature","id":398,"properties":{"sid":398,"lb_mm":0,"exact":0,"gw_mm":69014,"detail_id":398},"geometry":{"type":"LineString","coordinates":[[-87.66561937813617,42.00179164336428],[-87.66563824128423,42.002412816931056]]}},{"type":"Feature","id":399,"properties":{"sid":399,"lb_mm":0,"exact":0,"gw_mm":116799,"detail_id":399},"geometry":{"type":"LineString","coordinates":[[-87.66563824128423,42.002412816931056],[-87.66567087824404,42.00346408503748]]}},{"type":"Feature","id":400,"properties":{"sid":400,"lb_mm":0,"exact":0,"gw_mm":42368,"detail_id":400},"geometry":{"type":"LineString","coordinates":[[-87.66565889808695,41.95799006197783],[-87.66616986232832,41.95798339978313]]}},{"type":"Feature","id":401,"properties":{"sid":401,"lb_mm":0,"exact":0,"gw_mm":174110,"detail_id":401},"geometry":{"type":"LineString","coordinates":[[-87.66567087824404,42.00346408503748],[-87.66356970559713,42.00349564512275]]}},{"type":"Feature","id":402,"properties":{"sid":402,"lb_mm":0,"exact":0,"gw_mm":16835,"detail_id":402},"geometry":{"type":"LineString","coordinates":[[-87.66567087824404,42.00346408503748],[-87.66567504931557,42.00361561547635]]}},{"type":"Feature","id":403,"properties":{"sid":403,"lb_mm":0,"exact":0,"gw_mm":92770,"detail_id":403},"geometry":{"type":"LineString","coordinates":[[-87.66567504931557,42.00361561547635],[-87.66569973621267,42.00445062303727]]}},{"type":"Feature","id":404,"properties":{"sid":404,"lb_mm":0,"exact":0,"gw_mm":31789,"detail_id":404},"geometry":{"type":"LineString","coordinates":[[-87.66568422429884,42.022396395531665],[-87.66582573847427,42.02266243456481]]}},{"type":"Feature","id":405,"properties":{"sid":405,"lb_mm":0,"exact":0,"gw_mm":111438,"detail_id":405},"geometry":{"type":"LineString","coordinates":[[-87.66569973621267,42.00445062303727],[-87.66572960170267,42.00545366241629]]}},{"type":"Feature","id":406,"properties":{"sid":406,"lb_mm":0,"exact":0,"gw_mm":121973,"detail_id":406},"geometry":{"type":"LineString","coordinates":[[-87.6657218025238,42.01819851860422],[-87.66424956340971,42.018223512795856]]}},{"type":"Feature","id":407,"properties":{"sid":407,"lb_mm":0,"exact":0,"gw_mm":100974,"detail_id":407},"geometry":{"type":"LineString","coordinates":[[-87.66576611232264,41.746674388698295],[-87.66455234769845,41.74668985817249]]}},{"type":"Feature","id":408,"properties":{"sid":408,"lb_mm":0,"exact":0,"gw_mm":15219,"detail_id":408},"geometry":{"type":"LineString","coordinates":[[-87.66586323443333,41.85417419200997],[-87.66604439560425,41.8541534554513]]}},{"type":"Feature","id":409,"properties":{"sid":409,"lb_mm":0,"exact":0,"gw_mm":52593,"detail_id":409},"geometry":{"type":"LineString","coordinates":[[-87.6658635685661,42.00544937627561],[-87.66602236326426,42.00590782316938]]}},{"type":"Feature","id":410,"properties":{"sid":410,"lb_mm":0,"exact":0,"gw_mm":21227,"detail_id":410},"geometry":{"type":"LineString","coordinates":[[-87.66602236326426,42.00590782316938],[-87.66608348765254,42.00609341065687]]}},{"type":"Feature","id":411,"properties":{"sid":411,"lb_mm":0,"exact":0,"gw_mm":56432,"detail_id":411},"geometry":{"type":"LineString","coordinates":[[-87.66604439560425,41.8541534554513],[-87.66672282610786,41.85412391761262]]}},{"type":"Feature","id":412,"properties":{"sid":412,"lb_mm":0,"exact":0,"gw_mm":64880,"detail_id":412},"geometry":{"type":"LineString","coordinates":[[-87.66608348765254,42.00609341065687],[-87.66611966540518,42.00667690324844]]}},{"type":"Feature","id":413,"properties":{"sid":413,"lb_mm":0,"exact":0,"gw_mm":140582,"detail_id":413},"geometry":{"type":"LineString","coordinates":[[-87.66611966540518,42.00667690324844],[-87.66781614024218,42.00664570777691]]}},{"type":"Feature","id":414,"properties":{"sid":414,"lb_mm":0,"exact":0,"gw_mm":51991,"detail_id":414},"geometry":{"type":"LineString","coordinates":[[-87.66616986232832,41.95798339978313],[-87.66679687380909,41.957975159184045]]}},{"type":"Feature","id":415,"properties":{"sid":415,"lb_mm":0,"exact":0,"gw_mm":200651,"detail_id":415},"geometry":{"type":"LineString","coordinates":[[-87.66628725195811,41.94155274306568],[-87.66870635328134,41.94151541620735]]}},{"type":"Feature","id":416,"properties":{"sid":416,"lb_mm":0,"exact":0,"gw_mm":100410,"detail_id":416},"geometry":{"type":"LineString","coordinates":[[-87.66633642667261,41.94337289301432],[-87.66754705984083,41.94335540724999]]}},{"type":"Feature","id":417,"properties":{"sid":417,"lb_mm":0,"exact":0,"gw_mm":56524,"detail_id":417},"geometry":{"type":"LineString","coordinates":[[-87.66640408379416,42.018187996083604],[-87.6657218025238,42.01819851860422]]}},{"type":"Feature","id":418,"properties":{"sid":418,"lb_mm":0,"exact":0,"gw_mm":151047,"detail_id":418},"geometry":{"type":"LineString","coordinates":[[-87.66672282610786,41.85412391761262],[-87.66854154077089,41.85410087457042]]}},{"type":"Feature","id":419,"properties":{"sid":419,"lb_mm":0,"exact":0,"gw_mm":3765,"detail_id":419},"geometry":{"type":"LineString","coordinates":[[-87.66679687380909,41.957975159184045],[-87.66684228562093,41.957974567509126]]}},{"type":"Feature","id":420,"properties":{"sid":420,"lb_mm":0,"exact":0,"gw_mm":3750,"detail_id":420},"geometry":{"type":"LineString","coordinates":[[-87.66684228562093,41.957974567509126],[-87.66688751406069,41.95797397835313]]}},{"type":"Feature","id":421,"properties":{"sid":421,"lb_mm":0,"exact":0,"gw_mm":46832,"detail_id":421},"geometry":{"type":"LineString","coordinates":[[-87.66688751406069,41.95797397835313],[-87.66745230920561,41.957966613651045]]}},{"type":"Feature","id":422,"properties":{"sid":422,"lb_mm":0,"exact":0,"gw_mm":101134,"detail_id":422},"geometry":{"type":"LineString","coordinates":[[-87.66698181916787,41.74665939125407],[-87.66576611232264,41.746674388698295]]}},{"type":"Feature","id":423,"properties":{"sid":423,"lb_mm":0,"exact":0,"gw_mm":703597,"detail_id":423},"geometry":{"type":"LineString","coordinates":[[-87.66711336167185,41.96706979121261],[-87.6586272913419,41.96720420299768]]}},{"type":"Feature","id":424,"properties":{"sid":424,"lb_mm":0,"exact":0,"gw_mm":15190,"detail_id":424},"geometry":{"type":"LineString","coordinates":[[-87.66745230920561,41.957966613651045],[-87.66763549250238,41.957963727120216]]}},{"type":"Feature","id":425,"properties":{"sid":425,"lb_mm":0,"exact":0,"gw_mm":100404,"detail_id":425},"geometry":{"type":"LineString","coordinates":[[-87.66754705984083,41.94335540724999],[-87.66875755874864,41.94333546084025]]}},{"type":"Feature","id":426,"properties":{"sid":426,"lb_mm":0,"exact":0,"gw_mm":16690,"detail_id":426},"geometry":{"type":"LineString","coordinates":[[-87.66763549250238,41.957963727120216],[-87.66783675633054,41.95796055526208]]}},{"type":"Feature","id":427,"properties":{"sid":427,"lb_mm":0,"exact":0,"gw_mm":251274,"detail_id":427},"geometry":{"type":"LineString","coordinates":[[-87.6677012177054,41.97336131921844],[-87.66467022908776,41.97340615899996]]}},{"type":"Feature","id":428,"properties":{"sid":428,"lb_mm":0,"exact":0,"gw_mm":202160,"detail_id":428},"geometry":{"type":"LineString","coordinates":[[-87.66771502715443,41.99445963698836],[-87.66527551481354,41.99448928982692]]}},{"type":"Feature","id":429,"properties":{"sid":429,"lb_mm":0,"exact":0,"gw_mm":8262,"detail_id":429},"geometry":{"type":"LineString","coordinates":[[-87.66779508300527,41.9161197478502],[-87.66789425476574,41.91611291015495]]}},{"type":"Feature","id":430,"properties":{"sid":430,"lb_mm":0,"exact":0,"gw_mm":8226,"detail_id":430},"geometry":{"type":"LineString","coordinates":[[-87.6678000657581,41.97336791819602],[-87.6677012177054,41.97336131921844]]}},{"type":"Feature","id":431,"properties":{"sid":431,"lb_mm":0,"exact":0,"gw_mm":129350,"detail_id":431},"geometry":{"type":"LineString","coordinates":[[-87.66781614024218,42.00664570777691],[-87.66785413662238,42.007809906816846]]}},{"type":"Feature","id":432,"properties":{"sid":432,"lb_mm":0,"exact":0,"gw_mm":23886,"detail_id":432},"geometry":{"type":"LineString","coordinates":[[-87.66783675633054,41.95796055526208],[-87.66812481924121,41.95795659943763]]}},{"type":"Feature","id":433,"properties":{"sid":433,"lb_mm":0,"exact":0,"gw_mm":60366,"detail_id":433},"geometry":{"type":"LineString","coordinates":[[-87.66784146022478,41.967059079510264],[-87.66711336167185,41.96706979121261]]}},{"type":"Feature","id":434,"properties":{"sid":434,"lb_mm":0,"exact":0,"gw_mm":6235,"detail_id":434},"geometry":{"type":"LineString","coordinates":[[-87.66785413662238,42.007809906816846],[-87.66785600224367,42.00786602655823]]}},{"type":"Feature","id":435,"properties":{"sid":435,"lb_mm":0,"exact":0,"gw_mm":134749,"detail_id":435},"geometry":{"type":"LineString","coordinates":[[-87.66785600224367,42.00786602655823],[-87.6678981644412,42.00907876869841]]}},{"type":"Feature","id":436,"properties":{"sid":436,"lb_mm":0,"exact":0,"gw_mm":13659,"detail_id":436},"geometry":{"type":"LineString","coordinates":[[-87.66789425476574,41.91611291015495],[-87.66805887236579,41.916110761479906]]}},{"type":"Feature","id":437,"properties":{"sid":437,"lb_mm":0,"exact":0,"gw_mm":136040,"detail_id":437},"geometry":{"type":"LineString","coordinates":[[-87.6678981644412,42.00907876869841],[-87.667939881916,42.01030314824317]]}},{"type":"Feature","id":438,"properties":{"sid":438,"lb_mm":0,"exact":0,"gw_mm":135190,"detail_id":438},"geometry":{"type":"LineString","coordinates":[[-87.667939881916,42.01030314824317],[-87.6679819328574,42.01151986501871]]}},{"type":"Feature","id":439,"properties":{"sid":439,"lb_mm":0,"exact":0,"gw_mm":136004,"detail_id":439},"geometry":{"type":"LineString","coordinates":[[-87.6679819328574,42.01151986501871],[-87.66802153478828,42.012743956261815]]}},{"type":"Feature","id":440,"properties":{"sid":440,"lb_mm":0,"exact":0,"gw_mm":125068,"detail_id":440},"geometry":{"type":"LineString","coordinates":[[-87.66802153478828,42.012743956261815],[-87.66806100647207,42.01386956763541]]}},{"type":"Feature","id":441,"properties":{"sid":441,"lb_mm":0,"exact":0,"gw_mm":17139,"detail_id":441},"geometry":{"type":"LineString","coordinates":[[-87.66805887236579,41.916110761479906],[-87.66826542886814,41.91610760312032]]}},{"type":"Feature","id":442,"properties":{"sid":442,"lb_mm":0,"exact":0,"gw_mm":120716,"detail_id":442},"geometry":{"type":"LineString","coordinates":[[-87.66806100647207,42.01386956763541],[-87.66809102850765,42.01495614644943]]}},{"type":"Feature","id":443,"properties":{"sid":443,"lb_mm":0,"exact":0,"gw_mm":23599,"detail_id":443},"geometry":{"type":"LineString","coordinates":[[-87.66807946073783,41.97340881523509],[-87.6678000657581,41.97336791819602]]}},{"type":"Feature","id":444,"properties":{"sid":444,"lb_mm":0,"exact":0,"gw_mm":120642,"detail_id":444},"geometry":{"type":"LineString","coordinates":[[-87.66809102850765,42.01495614644943],[-87.66813387275263,42.01604182251457]]}},{"type":"Feature","id":445,"properties":{"sid":445,"lb_mm":0,"exact":0,"gw_mm":20700,"detail_id":445},"geometry":{"type":"LineString","coordinates":[[-87.66812481924121,41.95795659943763],[-87.66837445624192,41.957953167609226]]}},{"type":"Feature","id":446,"properties":{"sid":446,"lb_mm":0,"exact":0,"gw_mm":118763,"detail_id":446},"geometry":{"type":"LineString","coordinates":[[-87.66813387275263,42.01604182251457],[-87.66816895715925,42.017110729052455]]}},{"type":"Feature","id":447,"properties":{"sid":447,"lb_mm":0,"exact":0,"gw_mm":116488,"detail_id":447},"geometry":{"type":"LineString","coordinates":[[-87.66816895715925,42.017110729052455],[-87.66820820009521,42.01815906466754]]}},{"type":"Feature","id":448,"properties":{"sid":448,"lb_mm":0,"exact":0,"gw_mm":101000,"detail_id":448},"geometry":{"type":"LineString","coordinates":[[-87.66819589825045,41.74664398436592],[-87.66698181916787,41.74665939125407]]}},{"type":"Feature","id":449,"properties":{"sid":449,"lb_mm":0,"exact":0,"gw_mm":290743,"detail_id":449},"geometry":{"type":"LineString","coordinates":[[-87.6682022791767,41.97435787600943],[-87.66469516125461,41.97441043479751]]}},{"type":"Feature","id":450,"properties":{"sid":450,"lb_mm":0,"exact":0,"gw_mm":149464,"detail_id":450},"geometry":{"type":"LineString","coordinates":[[-87.66820820009521,42.01815906466754],[-87.66640408379416,42.018187996083604]]}},{"type":"Feature","id":451,"properties":{"sid":451,"lb_mm":0,"exact":0,"gw_mm":98520,"detail_id":451},"geometry":{"type":"LineString","coordinates":[[-87.66820820009521,42.01815906466754],[-87.66823533367636,42.01904581618363]]}},{"type":"Feature","id":452,"properties":{"sid":452,"lb_mm":0,"exact":0,"gw_mm":102896,"detail_id":452},"geometry":{"type":"LineString","coordinates":[[-87.66823050425266,42.02112664338621],[-87.66947281186197,42.02113518749528]]}},{"type":"Feature","id":453,"properties":{"sid":453,"lb_mm":0,"exact":0,"gw_mm":17748,"detail_id":453},"geometry":{"type":"LineString","coordinates":[[-87.66823533367636,42.01904581618363],[-87.66823758297065,42.01920559452811]]}},{"type":"Feature","id":454,"properties":{"sid":454,"lb_mm":0,"exact":0,"gw_mm":16846,"detail_id":454},"geometry":{"type":"LineString","coordinates":[[-87.66823758297065,42.01920559452811],[-87.66823971769593,42.01935725042165]]}},{"type":"Feature","id":455,"properties":{"sid":455,"lb_mm":0,"exact":0,"gw_mm":196534,"detail_id":455},"geometry":{"type":"LineString","coordinates":[[-87.66823971769593,42.01935725042165],[-87.66823050425266,42.02112664338621]]}},{"type":"Feature","id":456,"properties":{"sid":456,"lb_mm":0,"exact":0,"gw_mm":19296,"detail_id":456},"geometry":{"type":"LineString","coordinates":[[-87.66826542886814,41.91610760312032],[-87.66849782170945,41.91610045694207]]}},{"type":"Feature","id":457,"properties":{"sid":457,"lb_mm":0,"exact":0,"gw_mm":16950,"detail_id":457},"geometry":{"type":"LineString","coordinates":[[-87.66828320557369,41.97342187283134],[-87.66807946073783,41.97340881523509]]}},{"type":"Feature","id":458,"properties":{"sid":458,"lb_mm":0,"exact":0,"gw_mm":698963,"detail_id":458},"geometry":{"type":"LineString","coordinates":[[-87.66834385690791,41.97801105960364],[-87.65991200447819,41.97813588181226]]}},{"type":"Feature","id":459,"properties":{"sid":459,"lb_mm":0,"exact":0,"gw_mm":16565,"detail_id":459},"geometry":{"type":"LineString","coordinates":[[-87.66837445624192,41.957953167609226],[-87.66857423193993,41.95795042069778]]}},{"type":"Feature","id":460,"properties":{"sid":460,"lb_mm":0,"exact":0,"gw_mm":23529,"detail_id":460},"geometry":{"type":"LineString","coordinates":[[-87.66849782170945,41.91610045694207],[-87.66878119870707,41.91609174168183]]}},{"type":"Feature","id":461,"properties":{"sid":461,"lb_mm":0,"exact":0,"gw_mm":203274,"detail_id":461},"geometry":{"type":"LineString","coordinates":[[-87.66854154077089,41.85410087457042],[-87.67098906169727,41.85406835503644]]}},{"type":"Feature","id":462,"properties":{"sid":462,"lb_mm":0,"exact":0,"gw_mm":17611,"detail_id":462},"geometry":{"type":"LineString","coordinates":[[-87.66857423193993,41.95795042069778],[-87.66878662034499,41.95794750785891]]}},{"type":"Feature","id":463,"properties":{"sid":463,"lb_mm":0,"exact":0,"gw_mm":28440,"detail_id":463},"geometry":{"type":"LineString","coordinates":[[-87.66862561038492,41.97343846909446],[-87.66828320557369,41.97342187283134]]}},{"type":"Feature","id":464,"properties":{"sid":464,"lb_mm":0,"exact":0,"gw_mm":101096,"detail_id":464},"geometry":{"type":"LineString","coordinates":[[-87.66870635328134,41.94151541620735],[-87.66992516000846,41.94149553793355]]}},{"type":"Feature","id":465,"properties":{"sid":465,"lb_mm":0,"exact":0,"gw_mm":101118,"detail_id":465},"geometry":{"type":"LineString","coordinates":[[-87.66875755874864,41.94333546084025],[-87.6699767408111,41.943318316752055]]}},{"type":"Feature","id":466,"properties":{"sid":466,"lb_mm":0,"exact":0,"gw_mm":13683,"detail_id":466},"geometry":{"type":"LineString","coordinates":[[-87.66878119870707,41.91609174168183],[-87.6689459959855,41.91608667298625]]}},{"type":"Feature","id":467,"properties":{"sid":467,"lb_mm":0,"exact":0,"gw_mm":11922,"detail_id":467},"geometry":{"type":"LineString","coordinates":[[-87.66878662034499,41.95794750785891],[-87.668930394398,41.95794551295032]]}},{"type":"Feature","id":468,"properties":{"sid":468,"lb_mm":0,"exact":0,"gw_mm":17931,"detail_id":468},"geometry":{"type":"LineString","coordinates":[[-87.668930394398,41.95794551295032],[-87.66914662142177,41.95794197432314]]}},{"type":"Feature","id":469,"properties":{"sid":469,"lb_mm":0,"exact":0,"gw_mm":917,"detail_id":469},"geometry":{"type":"LineString","coordinates":[[-87.6689459959855,41.91608667298625],[-87.6689570478936,41.91608650464641]]}},{"type":"Feature","id":470,"properties":{"sid":470,"lb_mm":0,"exact":0,"gw_mm":7807,"detail_id":470},"geometry":{"type":"LineString","coordinates":[[-87.6689570478936,41.91608650464641],[-87.6690511308053,41.916085068232135]]}},{"type":"Feature","id":471,"properties":{"sid":471,"lb_mm":0,"exact":0,"gw_mm":14106,"detail_id":471},"geometry":{"type":"LineString","coordinates":[[-87.6690511308053,41.916085068232135],[-87.66922112429255,41.91608247541427]]}},{"type":"Feature","id":472,"properties":{"sid":472,"lb_mm":0,"exact":0,"gw_mm":20387,"detail_id":472},"geometry":{"type":"LineString","coordinates":[[-87.66914662142177,41.95794197432314],[-87.66939246971467,41.9579379493542]]}},{"type":"Feature","id":473,"properties":{"sid":473,"lb_mm":0,"exact":0,"gw_mm":20506,"detail_id":473},"geometry":{"type":"LineString","coordinates":[[-87.66922112429255,41.91608247541427],[-87.66946824846946,41.916078703198615]]}},{"type":"Feature","id":474,"properties":{"sid":474,"lb_mm":0,"exact":0,"gw_mm":128334,"detail_id":474},"geometry":{"type":"LineString","coordinates":[[-87.66938950773488,41.96704366908442],[-87.66784146022478,41.967059079510264]]}},{"type":"Feature","id":475,"properties":{"sid":475,"lb_mm":0,"exact":0,"gw_mm":44747,"detail_id":475},"geometry":{"type":"LineString","coordinates":[[-87.66939246971467,41.9579379493542],[-87.66993208206442,41.95792942474769]]}},{"type":"Feature","id":476,"properties":{"sid":476,"lb_mm":0,"exact":0,"gw_mm":100557,"detail_id":476},"geometry":{"type":"LineString","coordinates":[[-87.6694046258114,41.74662750280934],[-87.66819589825045,41.74664398436592]]}},{"type":"Feature","id":477,"properties":{"sid":477,"lb_mm":0,"exact":0,"gw_mm":49827,"detail_id":477},"geometry":{"type":"LineString","coordinates":[[-87.66946824846946,41.916078703198615],[-87.67006873827793,41.916069536270655]]}},{"type":"Feature","id":478,"properties":{"sid":478,"lb_mm":0,"exact":0,"gw_mm":102789,"detail_id":478},"geometry":{"type":"LineString","coordinates":[[-87.66947281186197,42.02113518749528],[-87.67071377881808,42.021146366360185]]}},{"type":"Feature","id":479,"properties":{"sid":479,"lb_mm":0,"exact":0,"gw_mm":77013,"detail_id":479},"geometry":{"type":"LineString","coordinates":[[-87.66955464782599,41.9734277881067],[-87.66862561038492,41.97343846909446]]}},{"type":"Feature","id":480,"properties":{"sid":480,"lb_mm":0,"exact":0,"gw_mm":15893,"detail_id":480},"geometry":{"type":"LineString","coordinates":[[-87.66958123903177,41.967044371714074],[-87.66938950773488,41.96704366908442]]}},{"type":"Feature","id":481,"properties":{"sid":481,"lb_mm":0,"exact":0,"gw_mm":336799,"detail_id":481},"geometry":{"type":"LineString","coordinates":[[-87.66962990130686,41.893295924187846],[-87.66557247639871,41.89336076400656]]}},{"type":"Feature","id":482,"properties":{"sid":482,"lb_mm":0,"exact":0,"gw_mm":119521,"detail_id":482},"geometry":{"type":"LineString","coordinates":[[-87.66965090088506,42.01813661648578],[-87.66820820009521,42.01815906466754]]}},{"type":"Feature","id":483,"properties":{"sid":483,"lb_mm":0,"exact":0,"gw_mm":100500,"detail_id":483},"geometry":{"type":"LineString","coordinates":[[-87.66992516000846,41.94149553793355],[-87.67113684474613,41.94147791139245]]}},{"type":"Feature","id":484,"properties":{"sid":484,"lb_mm":0,"exact":0,"gw_mm":16098,"detail_id":484},"geometry":{"type":"LineString","coordinates":[[-87.66993208206442,41.95792942474769],[-87.6701262098379,41.95792635619454]]}},{"type":"Feature","id":485,"properties":{"sid":485,"lb_mm":0,"exact":0,"gw_mm":100426,"detail_id":485},"geometry":{"type":"LineString","coordinates":[[-87.6699767408111,41.943318316752055],[-87.67118756830395,41.94330086124156]]}},{"type":"Feature","id":486,"properties":{"sid":486,"lb_mm":0,"exact":0,"gw_mm":16783,"detail_id":486},"geometry":{"type":"LineString","coordinates":[[-87.67006873827793,41.916069536270655],[-87.67027097455494,41.91606577133211]]}},{"type":"Feature","id":487,"properties":{"sid":487,"lb_mm":0,"exact":0,"gw_mm":38927,"detail_id":487},"geometry":{"type":"LineString","coordinates":[[-87.6701262098379,41.95792635619454],[-87.67059563523958,41.95791894095439]]}},{"type":"Feature","id":488,"properties":{"sid":488,"lb_mm":0,"exact":0,"gw_mm":201288,"detail_id":488},"geometry":{"type":"LineString","coordinates":[[-87.6701440508427,41.99443181640103],[-87.66771502715443,41.99445963698836]]}},{"type":"Feature","id":489,"properties":{"sid":489,"lb_mm":0,"exact":0,"gw_mm":143556,"detail_id":489},"geometry":{"type":"LineString","coordinates":[[-87.6701440508427,41.99443181640103],[-87.67187614092173,41.99440171239816]]}},{"type":"Feature","id":490,"properties":{"sid":490,"lb_mm":0,"exact":0,"gw_mm":28589,"detail_id":490},"geometry":{"type":"LineString","coordinates":[[-87.67027097455494,41.91606577133211],[-87.67061548354765,41.91605935646467]]}},{"type":"Feature","id":491,"properties":{"sid":491,"lb_mm":0,"exact":0,"gw_mm":57980,"detail_id":491},"geometry":{"type":"LineString","coordinates":[[-87.67035075659396,42.018125605815406],[-87.66965090088506,42.01813661648578]]}},{"type":"Feature","id":492,"properties":{"sid":492,"lb_mm":0,"exact":0,"gw_mm":10209,"detail_id":492},"geometry":{"type":"LineString","coordinates":[[-87.67059563523958,41.95791894095439],[-87.67071873351698,41.95791670380704]]}},{"type":"Feature","id":493,"properties":{"sid":493,"lb_mm":0,"exact":0,"gw_mm":49504,"detail_id":493},"geometry":{"type":"LineString","coordinates":[[-87.67061548354765,41.91605935646467],[-87.67121204980106,41.916049213758384]]}},{"type":"Feature","id":494,"properties":{"sid":494,"lb_mm":0,"exact":0,"gw_mm":100921,"detail_id":494},"geometry":{"type":"LineString","coordinates":[[-87.67061776408367,41.746612401624795],[-87.6694046258114,41.74662750280934]]}},{"type":"Feature","id":495,"properties":{"sid":495,"lb_mm":0,"exact":0,"gw_mm":97527,"detail_id":495},"geometry":{"type":"LineString","coordinates":[[-87.67071377881808,42.021146366360185],[-87.6718910969556,42.02116319538094]]}},{"type":"Feature","id":496,"properties":{"sid":496,"lb_mm":0,"exact":0,"gw_mm":12883,"detail_id":496},"geometry":{"type":"LineString","coordinates":[[-87.67071873351698,41.95791670380704],[-87.67087407640929,41.957913880106624]]}},{"type":"Feature","id":497,"properties":{"sid":497,"lb_mm":0,"exact":0,"gw_mm":28585,"detail_id":497},"geometry":{"type":"LineString","coordinates":[[-87.67087407640929,41.957913880106624],[-87.67121880583463,41.957908870477006]]}},{"type":"Feature","id":498,"properties":{"sid":498,"lb_mm":0,"exact":0,"gw_mm":101632,"detail_id":498},"geometry":{"type":"LineString","coordinates":[[-87.67096378347273,41.85315476119624],[-87.67093219519589,41.85224004319763]]}},{"type":"Feature","id":499,"properties":{"sid":499,"lb_mm":0,"exact":0,"gw_mm":114819,"detail_id":499},"geometry":{"type":"LineString","coordinates":[[-87.67096619065087,41.967027437846774],[-87.66958123903177,41.967044371714074]]}},{"type":"Feature","id":500,"properties":{"sid":500,"lb_mm":0,"exact":0,"gw_mm":101495,"detail_id":500},"geometry":{"type":"LineString","coordinates":[[-87.67098906169727,41.85406835503644],[-87.67096378347273,41.85315476119624]]}},{"type":"Feature","id":501,"properties":{"sid":501,"lb_mm":0,"exact":0,"gw_mm":173198,"detail_id":501},"geometry":{"type":"LineString","coordinates":[[-87.67113684474613,41.94147791139245],[-87.67322510152377,41.94145076036076]]}},{"type":"Feature","id":502,"properties":{"sid":502,"lb_mm":0,"exact":0,"gw_mm":131370,"detail_id":502},"geometry":{"type":"LineString","coordinates":[[-87.67113933661257,41.97340584162673],[-87.66955464782599,41.9734277881067]]}},{"type":"Feature","id":503,"properties":{"sid":503,"lb_mm":0,"exact":0,"gw_mm":196265,"detail_id":503},"geometry":{"type":"LineString","coordinates":[[-87.67118756830395,41.94330086124156],[-87.67355397133981,41.943268748273525]]}},{"type":"Feature","id":504,"properties":{"sid":504,"lb_mm":0,"exact":0,"gw_mm":23165,"detail_id":504},"geometry":{"type":"LineString","coordinates":[[-87.67121204980106,41.916049213758384],[-87.67149116813859,41.916043231282025]]}},{"type":"Feature","id":505,"properties":{"sid":505,"lb_mm":0,"exact":0,"gw_mm":24179,"detail_id":505},"geometry":{"type":"LineString","coordinates":[[-87.67121880583463,41.957908870477006],[-87.67151040032954,41.9579046618267]]}},{"type":"Feature","id":506,"properties":{"sid":506,"lb_mm":0,"exact":0,"gw_mm":24982,"detail_id":506},"geometry":{"type":"LineString","coordinates":[[-87.67149116813859,41.916043231282025],[-87.67179217943874,41.91603677823872]]}},{"type":"Feature","id":507,"properties":{"sid":507,"lb_mm":0,"exact":0,"gw_mm":16035,"detail_id":507},"geometry":{"type":"LineString","coordinates":[[-87.67151040032954,41.9579046618267],[-87.67170377844961,41.957901869887785]]}},{"type":"Feature","id":508,"properties":{"sid":508,"lb_mm":0,"exact":0,"gw_mm":40169,"detail_id":508},"geometry":{"type":"LineString","coordinates":[[-87.67170377844961,41.957901869887785],[-87.67218820006522,41.95789483616628]]}},{"type":"Feature","id":509,"properties":{"sid":509,"lb_mm":0,"exact":0,"gw_mm":54866,"detail_id":509},"geometry":{"type":"LineString","coordinates":[[-87.67179217943874,41.91603677823872],[-87.67245340583045,41.91602708442047]]}},{"type":"Feature","id":510,"properties":{"sid":510,"lb_mm":0,"exact":0,"gw_mm":100596,"detail_id":510},"geometry":{"type":"LineString","coordinates":[[-87.67182695328725,41.74659581080869],[-87.67061776408367,41.746612401624795]]}},{"type":"Feature","id":511,"properties":{"sid":511,"lb_mm":0,"exact":0,"gw_mm":97850,"detail_id":511},"geometry":{"type":"LineString","coordinates":[[-87.6718910969556,42.02116319538094],[-87.67307251225921,42.02116849289927]]}},{"type":"Feature","id":512,"properties":{"sid":512,"lb_mm":0,"exact":0,"gw_mm":20895,"detail_id":512},"geometry":{"type":"LineString","coordinates":[[-87.67198313813813,41.8897979159385],[-87.67198773352435,41.88998601076672]]}},{"type":"Feature","id":513,"properties":{"sid":513,"lb_mm":0,"exact":0,"gw_mm":10917,"detail_id":513},"geometry":{"type":"LineString","coordinates":[[-87.67198773352435,41.88998601076672],[-87.67199076012201,41.890084272364696]]}},{"type":"Feature","id":514,"properties":{"sid":514,"lb_mm":0,"exact":0,"gw_mm":20708,"detail_id":514},"geometry":{"type":"LineString","coordinates":[[-87.67199076012201,41.890084272364696],[-87.67199647680945,41.89027066659693]]}},{"type":"Feature","id":515,"properties":{"sid":515,"lb_mm":0,"exact":0,"gw_mm":27520,"detail_id":515},"geometry":{"type":"LineString","coordinates":[[-87.67199647680945,41.89027066659693],[-87.67200413849143,41.8905183716477]]}},{"type":"Feature","id":516,"properties":{"sid":516,"lb_mm":0,"exact":0,"gw_mm":18471,"detail_id":516},"geometry":{"type":"LineString","coordinates":[[-87.67200413849143,41.8905183716477],[-87.67200924843024,41.89068462627615]]}},{"type":"Feature","id":517,"properties":{"sid":517,"lb_mm":0,"exact":0,"gw_mm":23439,"detail_id":517},"geometry":{"type":"LineString","coordinates":[[-87.67200924843024,41.89068462627615],[-87.67201629033406,41.89089558308105]]}},{"type":"Feature","id":518,"properties":{"sid":518,"lb_mm":0,"exact":0,"gw_mm":27365,"detail_id":518},"geometry":{"type":"LineString","coordinates":[[-87.67201629033406,41.89089558308105],[-87.67202451133419,41.89114187689161]]}},{"type":"Feature","id":519,"properties":{"sid":519,"lb_mm":0,"exact":0,"gw_mm":15838,"detail_id":519},"geometry":{"type":"LineString","coordinates":[[-87.67202451133419,41.89114187689161],[-87.67202861863237,41.89128443599446]]}},{"type":"Feature","id":520,"properties":{"sid":520,"lb_mm":0,"exact":0,"gw_mm":2726,"detail_id":520},"geometry":{"type":"LineString","coordinates":[[-87.67202861863237,41.89128443599446],[-87.67202932467534,41.89130897431185]]}},{"type":"Feature","id":521,"properties":{"sid":521,"lb_mm":0,"exact":0,"gw_mm":7642,"detail_id":521},"geometry":{"type":"LineString","coordinates":[[-87.67202932467534,41.89130897431185],[-87.67203133360013,41.89137775651247]]}},{"type":"Feature","id":522,"properties":{"sid":522,"lb_mm":0,"exact":0,"gw_mm":9892,"detail_id":522},"geometry":{"type":"LineString","coordinates":[[-87.67203133360013,41.89137775651247],[-87.67203394092272,41.89146679439448]]}},{"type":"Feature","id":523,"properties":{"sid":523,"lb_mm":0,"exact":0,"gw_mm":16981,"detail_id":523},"geometry":{"type":"LineString","coordinates":[[-87.67203394092272,41.89146679439448],[-87.67203816742764,41.89161964505553]]}},{"type":"Feature","id":524,"properties":{"sid":524,"lb_mm":0,"exact":0,"gw_mm":24250,"detail_id":524},"geometry":{"type":"LineString","coordinates":[[-87.67203816742764,41.89161964505553],[-87.67204421571934,41.891837929367725]]}},{"type":"Feature","id":525,"properties":{"sid":525,"lb_mm":0,"exact":0,"gw_mm":13112,"detail_id":525},"geometry":{"type":"LineString","coordinates":[[-87.67204421571934,41.891837929367725],[-87.67204746278554,41.891955951051216]]}},{"type":"Feature","id":526,"properties":{"sid":526,"lb_mm":0,"exact":0,"gw_mm":2208,"detail_id":526},"geometry":{"type":"LineString","coordinates":[[-87.67204746278554,41.891955951051216],[-87.67204800852184,41.89197582198343]]}},{"type":"Feature","id":527,"properties":{"sid":527,"lb_mm":0,"exact":0,"gw_mm":20744,"detail_id":527},"geometry":{"type":"LineString","coordinates":[[-87.67204800852184,41.89197582198343],[-87.67205313528525,41.892162542279635]]}},{"type":"Feature","id":528,"properties":{"sid":528,"lb_mm":0,"exact":0,"gw_mm":19944,"detail_id":528},"geometry":{"type":"LineString","coordinates":[[-87.67205313528525,41.892162542279635],[-87.67205743011047,41.89234207036994]]}},{"type":"Feature","id":529,"properties":{"sid":529,"lb_mm":0,"exact":0,"gw_mm":30343,"detail_id":529},"geometry":{"type":"LineString","coordinates":[[-87.67205743011047,41.89234207036994],[-87.67206396462574,41.892615211526525]]}},{"type":"Feature","id":530,"properties":{"sid":530,"lb_mm":0,"exact":0,"gw_mm":16378,"detail_id":530},"geometry":{"type":"LineString","coordinates":[[-87.67206396462574,41.892615211526525],[-87.6720683207755,41.89276263025574]]}},{"type":"Feature","id":531,"properties":{"sid":531,"lb_mm":0,"exact":0,"gw_mm":4016,"detail_id":531},"geometry":{"type":"LineString","coordinates":[[-87.6720683207755,41.89276263025574],[-87.67206939027932,41.89279877963422]]}},{"type":"Feature","id":532,"properties":{"sid":532,"lb_mm":0,"exact":0,"gw_mm":21031,"detail_id":532},"geometry":{"type":"LineString","coordinates":[[-87.67206939027932,41.89279877963422],[-87.67207499421133,41.8929880803221]]}},{"type":"Feature","id":533,"properties":{"sid":533,"lb_mm":0,"exact":0,"gw_mm":29594,"detail_id":533},"geometry":{"type":"LineString","coordinates":[[-87.67207499421133,41.8929880803221],[-87.67208410639628,41.89325443872943]]}},{"type":"Feature","id":534,"properties":{"sid":534,"lb_mm":0,"exact":0,"gw_mm":33826,"detail_id":534},"geometry":{"type":"LineString","coordinates":[[-87.67208410639628,41.89325443872943],[-87.6720945224343,41.89355888447638]]}},{"type":"Feature","id":535,"properties":{"sid":535,"lb_mm":0,"exact":0,"gw_mm":16691,"detail_id":535},"geometry":{"type":"LineString","coordinates":[[-87.6720945224343,41.89355888447638],[-87.67209769991202,41.893709134262615]]}},{"type":"Feature","id":536,"properties":{"sid":536,"lb_mm":0,"exact":0,"gw_mm":5224,"detail_id":536},"geometry":{"type":"LineString","coordinates":[[-87.67209769991202,41.893709134262615],[-87.67209869456308,41.89375616470263]]}},{"type":"Feature","id":537,"properties":{"sid":537,"lb_mm":0,"exact":0,"gw_mm":20771,"detail_id":537},"geometry":{"type":"LineString","coordinates":[[-87.67209869456308,41.89375616470263],[-87.67210256919437,41.89394315233316]]}},{"type":"Feature","id":538,"properties":{"sid":538,"lb_mm":0,"exact":0,"gw_mm":24828,"detail_id":538},"geometry":{"type":"LineString","coordinates":[[-87.67210256919437,41.89394315233316],[-87.67210902577322,41.894166630261104]]}},{"type":"Feature","id":539,"properties":{"sid":539,"lb_mm":0,"exact":0,"gw_mm":37408,"detail_id":539},"geometry":{"type":"LineString","coordinates":[[-87.67210902577322,41.894166630261104],[-87.67211875491884,41.8945033437547]]}},{"type":"Feature","id":540,"properties":{"sid":540,"lb_mm":0,"exact":0,"gw_mm":12638,"detail_id":540},"geometry":{"type":"LineString","coordinates":[[-87.67211875491884,41.8945033437547],[-87.67212241623267,41.89461709025691]]}},{"type":"Feature","id":541,"properties":{"sid":541,"lb_mm":0,"exact":0,"gw_mm":25383,"detail_id":541},"geometry":{"type":"LineString","coordinates":[[-87.67212027750067,41.90580232867243],[-87.6723527925607,41.90595084363915]]}},{"type":"Feature","id":542,"properties":{"sid":542,"lb_mm":0,"exact":0,"gw_mm":6946,"detail_id":542},"geometry":{"type":"LineString","coordinates":[[-87.67212241623267,41.89461709025691],[-87.67212442964251,41.8946796114855]]}},{"type":"Feature","id":543,"properties":{"sid":543,"lb_mm":0,"exact":0,"gw_mm":21938,"detail_id":543},"geometry":{"type":"LineString","coordinates":[[-87.67212442964251,41.8946796114855],[-87.67213073055824,41.89487706869213]]}},{"type":"Feature","id":544,"properties":{"sid":544,"lb_mm":0,"exact":0,"gw_mm":6208,"detail_id":544},"geometry":{"type":"LineString","coordinates":[[-87.67213073055824,41.89487706869213],[-87.67213226297595,41.89493294984963]]}},{"type":"Feature","id":545,"properties":{"sid":545,"lb_mm":0,"exact":0,"gw_mm":15000,"detail_id":545},"geometry":{"type":"LineString","coordinates":[[-87.67213226297595,41.89493294984963],[-87.67213592302706,41.89506796864352]]}},{"type":"Feature","id":546,"properties":{"sid":546,"lb_mm":0,"exact":0,"gw_mm":30747,"detail_id":546},"geometry":{"type":"LineString","coordinates":[[-87.67213592302706,41.89506796864352],[-87.67214342684154,41.89534473281075]]}},{"type":"Feature","id":547,"properties":{"sid":547,"lb_mm":0,"exact":0,"gw_mm":20446,"detail_id":547},"geometry":{"type":"LineString","coordinates":[[-87.67214342684154,41.89534473281075],[-87.67214902158666,41.895528765477046]]}},{"type":"Feature","id":548,"properties":{"sid":548,"lb_mm":0,"exact":0,"gw_mm":27692,"detail_id":548},"geometry":{"type":"LineString","coordinates":[[-87.67214902158666,41.895528765477046],[-87.67215666107009,41.89577801424803]]}},{"type":"Feature","id":549,"properties":{"sid":549,"lb_mm":0,"exact":0,"gw_mm":22889,"detail_id":549},"geometry":{"type":"LineString","coordinates":[[-87.67215666107009,41.89577801424803],[-87.67216739139204,41.89598393399336]]}},{"type":"Feature","id":550,"properties":{"sid":550,"lb_mm":0,"exact":0,"gw_mm":28516,"detail_id":550},"geometry":{"type":"LineString","coordinates":[[-87.67216739139204,41.89598393399336],[-87.67218076052234,41.8962404742632]]}},{"type":"Feature","id":551,"properties":{"sid":551,"lb_mm":0,"exact":0,"gw_mm":14357,"detail_id":551},"geometry":{"type":"LineString","coordinates":[[-87.67218076052234,41.8962404742632],[-87.67218471670138,41.896369695648595]]}},{"type":"Feature","id":552,"properties":{"sid":552,"lb_mm":0,"exact":0,"gw_mm":7989,"detail_id":552},"geometry":{"type":"LineString","coordinates":[[-87.67218260060662,41.905747504054375],[-87.67212027750067,41.90580232867243]]}},{"type":"Feature","id":553,"properties":{"sid":553,"lb_mm":0,"exact":0,"gw_mm":8479,"detail_id":553},"geometry":{"type":"LineString","coordinates":[[-87.67218471670138,41.896369695648595],[-87.67218676980842,41.896446019278336]]}},{"type":"Feature","id":554,"properties":{"sid":554,"lb_mm":0,"exact":0,"gw_mm":5449,"detail_id":554},"geometry":{"type":"LineString","coordinates":[[-87.67218676980842,41.896446019278336],[-87.67218808833107,41.896495071920235]]}},{"type":"Feature","id":555,"properties":{"sid":555,"lb_mm":0,"exact":0,"gw_mm":10285,"detail_id":555},"geometry":{"type":"LineString","coordinates":[[-87.67218808833107,41.896495071920235],[-87.67219047631829,41.896587648589644]]}},{"type":"Feature","id":556,"properties":{"sid":556,"lb_mm":0,"exact":0,"gw_mm":9115,"detail_id":556},"geometry":{"type":"LineString","coordinates":[[-87.67218820006522,41.95789483616628],[-87.67229811554114,41.95789282932094]]}},{"type":"Feature","id":557,"properties":{"sid":557,"lb_mm":0,"exact":0,"gw_mm":11285,"detail_id":557},"geometry":{"type":"LineString","coordinates":[[-87.67219047631829,41.896587648589644],[-87.67219310164018,41.89668922820999]]}},{"type":"Feature","id":558,"properties":{"sid":558,"lb_mm":0,"exact":0,"gw_mm":23350,"detail_id":558},"geometry":{"type":"LineString","coordinates":[[-87.67219310164018,41.89668922820999],[-87.67219871365434,41.89689941396781]]}},{"type":"Feature","id":559,"properties":{"sid":559,"lb_mm":0,"exact":0,"gw_mm":15673,"detail_id":559},"geometry":{"type":"LineString","coordinates":[[-87.67219871365434,41.89689941396781],[-87.67220248134457,41.89704048991174]]}},{"type":"Feature","id":560,"properties":{"sid":560,"lb_mm":0,"exact":0,"gw_mm":22633,"detail_id":560},"geometry":{"type":"LineString","coordinates":[[-87.67220248134457,41.89704048991174],[-87.67220780082789,41.897244224847]]}},{"type":"Feature","id":561,"properties":{"sid":561,"lb_mm":0,"exact":0,"gw_mm":19493,"detail_id":561},"geometry":{"type":"LineString","coordinates":[[-87.67220780082789,41.897244224847],[-87.67221238157042,41.897419690293184]]}},{"type":"Feature","id":562,"properties":{"sid":562,"lb_mm":0,"exact":0,"gw_mm":15418,"detail_id":562},"geometry":{"type":"LineString","coordinates":[[-87.67221238157042,41.897419690293184],[-87.67221682619238,41.897558465254654]]}},{"type":"Feature","id":563,"properties":{"sid":563,"lb_mm":0,"exact":0,"gw_mm":27309,"detail_id":563},"geometry":{"type":"LineString","coordinates":[[-87.67221682619238,41.897558465254654],[-87.67222506690638,41.897804258295466]]}},{"type":"Feature","id":564,"properties":{"sid":564,"lb_mm":0,"exact":0,"gw_mm":26031,"detail_id":564},"geometry":{"type":"LineString","coordinates":[[-87.67222506690638,41.897804258295466],[-87.67223292134581,41.89803855177943]]}},{"type":"Feature","id":565,"properties":{"sid":565,"lb_mm":0,"exact":0,"gw_mm":12334,"detail_id":565},"geometry":{"type":"LineString","coordinates":[[-87.67223292134581,41.89803855177943],[-87.67223614831697,41.8981495748859]]}},{"type":"Feature","id":566,"properties":{"sid":566,"lb_mm":0,"exact":0,"gw_mm":13301,"detail_id":566},"geometry":{"type":"LineString","coordinates":[[-87.67223614831697,41.8981495748859],[-87.67223965190644,41.89826929865257]]}},{"type":"Feature","id":567,"properties":{"sid":567,"lb_mm":0,"exact":0,"gw_mm":23699,"detail_id":567},"geometry":{"type":"LineString","coordinates":[[-87.67223965190644,41.89826929865257],[-87.67224598983897,41.89848261720627]]}},{"type":"Feature","id":568,"properties":{"sid":568,"lb_mm":0,"exact":0,"gw_mm":24523,"detail_id":568},"geometry":{"type":"LineString","coordinates":[[-87.67224598983897,41.89848261720627],[-87.67225254902718,41.89870334681029]]}},{"type":"Feature","id":569,"properties":{"sid":569,"lb_mm":0,"exact":0,"gw_mm":25136,"detail_id":569},"geometry":{"type":"LineString","coordinates":[[-87.67225254902718,41.89870334681029],[-87.67225825938186,41.89892961400172]]}},{"type":"Feature","id":570,"properties":{"sid":570,"lb_mm":0,"exact":0,"gw_mm":14385,"detail_id":570},"geometry":{"type":"LineString","coordinates":[[-87.67225825938186,41.89892961400172],[-87.67226151526518,41.89905910589665]]}},{"type":"Feature","id":571,"properties":{"sid":571,"lb_mm":0,"exact":0,"gw_mm":19541,"detail_id":571},"geometry":{"type":"LineString","coordinates":[[-87.67226151526518,41.89905910589665],[-87.6722659615821,41.89923500627604]]}},{"type":"Feature","id":572,"properties":{"sid":572,"lb_mm":0,"exact":0,"gw_mm":4077,"detail_id":572},"geometry":{"type":"LineString","coordinates":[[-87.6722659615821,41.89923500627604],[-87.67226688940615,41.899271705804054]]}},{"type":"Feature","id":573,"properties":{"sid":573,"lb_mm":0,"exact":0,"gw_mm":20002,"detail_id":573},"geometry":{"type":"LineString","coordinates":[[-87.67226688940615,41.899271705804054],[-87.67227134961317,41.89945175321472]]}},{"type":"Feature","id":574,"properties":{"sid":574,"lb_mm":0,"exact":0,"gw_mm":19229,"detail_id":574},"geometry":{"type":"LineString","coordinates":[[-87.67227134961317,41.89945175321472],[-87.67227661084556,41.89962482851014]]}},{"type":"Feature","id":575,"properties":{"sid":575,"lb_mm":0,"exact":0,"gw_mm":37709,"detail_id":575},"geometry":{"type":"LineString","coordinates":[[-87.67227661084556,41.89962482851014],[-87.67228692805253,41.89996424607483]]}},{"type":"Feature","id":576,"properties":{"sid":576,"lb_mm":0,"exact":0,"gw_mm":8556,"detail_id":576},"geometry":{"type":"LineString","coordinates":[[-87.67228692805253,41.89996424607483],[-87.67228923088693,41.90004126255305]]}},{"type":"Feature","id":577,"properties":{"sid":577,"lb_mm":0,"exact":0,"gw_mm":21278,"detail_id":577},"geometry":{"type":"LineString","coordinates":[[-87.67228923088693,41.90004126255305],[-87.67229495748927,41.900232788437286]]}},{"type":"Feature","id":578,"properties":{"sid":578,"lb_mm":0,"exact":0,"gw_mm":33903,"detail_id":578},"geometry":{"type":"LineString","coordinates":[[-87.67229495748927,41.900232788437286],[-87.67230411576521,41.9005379450313]]}},{"type":"Feature","id":579,"properties":{"sid":579,"lb_mm":0,"exact":0,"gw_mm":11829,"detail_id":579},"geometry":{"type":"LineString","coordinates":[[-87.67229811554114,41.95789282932094],[-87.67244075337607,41.95789022565485]]}},{"type":"Feature","id":580,"properties":{"sid":580,"lb_mm":0,"exact":0,"gw_mm":20516,"detail_id":580},"geometry":{"type":"LineString","coordinates":[[-87.67230411576521,41.9005379450313],[-87.67230966735795,41.90072260931517]]}},{"type":"Feature","id":581,"properties":{"sid":581,"lb_mm":0,"exact":0,"gw_mm":25366,"detail_id":581},"geometry":{"type":"LineString","coordinates":[[-87.67230966735795,41.90072260931517],[-87.67231565080459,41.90095093707057]]}},{"type":"Feature","id":582,"properties":{"sid":582,"lb_mm":0,"exact":0,"gw_mm":29052,"detail_id":582},"geometry":{"type":"LineString","coordinates":[[-87.67231565080459,41.90095093707057],[-87.67232250442571,41.901212447280095]]}},{"type":"Feature","id":583,"properties":{"sid":583,"lb_mm":0,"exact":0,"gw_mm":25628,"detail_id":583},"geometry":{"type":"LineString","coordinates":[[-87.67232250442571,41.901212447280095],[-87.67232854676442,41.90144313424005]]}},{"type":"Feature","id":584,"properties":{"sid":584,"lb_mm":0,"exact":0,"gw_mm":30820,"detail_id":584},"geometry":{"type":"LineString","coordinates":[[-87.67232854676442,41.90144313424005],[-87.67233581354621,41.901720563878634]]}},{"type":"Feature","id":585,"properties":{"sid":585,"lb_mm":0,"exact":0,"gw_mm":8239,"detail_id":585},"geometry":{"type":"LineString","coordinates":[[-87.67233581354621,41.901720563878634],[-87.6723378627141,41.9017947248015]]}},{"type":"Feature","id":586,"properties":{"sid":586,"lb_mm":0,"exact":0,"gw_mm":28205,"detail_id":586},"geometry":{"type":"LineString","coordinates":[[-87.6723378627141,41.9017947248015],[-87.67234484696522,41.902048607161326]]}},{"type":"Feature","id":587,"properties":{"sid":587,"lb_mm":0,"exact":0,"gw_mm":15245,"detail_id":587},"geometry":{"type":"LineString","coordinates":[[-87.67234484696522,41.902048607161326],[-87.67234952150595,41.902185818544076]]}},{"type":"Feature","id":588,"properties":{"sid":588,"lb_mm":0,"exact":0,"gw_mm":18191,"detail_id":588},"geometry":{"type":"LineString","coordinates":[[-87.67234952150595,41.902185818544076],[-87.67235510005806,41.90234954377278]]}},{"type":"Feature","id":589,"properties":{"sid":589,"lb_mm":0,"exact":0,"gw_mm":23475,"detail_id":589},"geometry":{"type":"LineString","coordinates":[[-87.6723527925607,41.90595084363915],[-87.6725678236825,41.906088195082305]]}},{"type":"Feature","id":590,"properties":{"sid":590,"lb_mm":0,"exact":0,"gw_mm":15297,"detail_id":590},"geometry":{"type":"LineString","coordinates":[[-87.67235510005806,41.90234954377278],[-87.67235979151648,41.90248722162042]]}},{"type":"Feature","id":591,"properties":{"sid":591,"lb_mm":0,"exact":0,"gw_mm":21621,"detail_id":591},"geometry":{"type":"LineString","coordinates":[[-87.67235979151648,41.90248722162042],[-87.67236492971765,41.902681844797314]]}},{"type":"Feature","id":592,"properties":{"sid":592,"lb_mm":0,"exact":0,"gw_mm":8184,"detail_id":592},"geometry":{"type":"LineString","coordinates":[[-87.67236492971765,41.902681844797314],[-87.67236687435931,41.9027555117207]]}},{"type":"Feature","id":593,"properties":{"sid":593,"lb_mm":0,"exact":0,"gw_mm":4875,"detail_id":593},"geometry":{"type":"LineString","coordinates":[[-87.67236687435931,41.9027555117207],[-87.67236803305292,41.902799398150044]]}},{"type":"Feature","id":594,"properties":{"sid":594,"lb_mm":0,"exact":0,"gw_mm":35345,"detail_id":594},"geometry":{"type":"LineString","coordinates":[[-87.67236803305292,41.902799398150044],[-87.67237643348555,41.90311755832085]]}},{"type":"Feature","id":595,"properties":{"sid":595,"lb_mm":0,"exact":0,"gw_mm":26195,"detail_id":595},"geometry":{"type":"LineString","coordinates":[[-87.67237335930643,41.90339424139751],[-87.67237937578858,41.90363003393424]]}},{"type":"Feature","id":596,"properties":{"sid":596,"lb_mm":0,"exact":0,"gw_mm":15042,"detail_id":596},"geometry":{"type":"LineString","coordinates":[[-87.67237486324844,41.90325882216609],[-87.67237335930643,41.90339424139751]]}},{"type":"Feature","id":597,"properties":{"sid":597,"lb_mm":0,"exact":0,"gw_mm":15691,"detail_id":597},"geometry":{"type":"LineString","coordinates":[[-87.67237643348555,41.90311755832085],[-87.67237486324844,41.90325882216609]]}},{"type":"Feature","id":598,"properties":{"sid":598,"lb_mm":0,"exact":0,"gw_mm":6790,"detail_id":598},"geometry":{"type":"LineString","coordinates":[[-87.67237937578858,41.90363003393424],[-87.67238093521838,41.90369115692561]]}},{"type":"Feature","id":599,"properties":{"sid":599,"lb_mm":0,"exact":0,"gw_mm":42217,"detail_id":599},"geometry":{"type":"LineString","coordinates":[[-87.67238093521838,41.90369115692561],[-87.67239062727816,41.90407117857009]]}},{"type":"Feature","id":600,"properties":{"sid":600,"lb_mm":0,"exact":0,"gw_mm":36439,"detail_id":600},"geometry":{"type":"LineString","coordinates":[[-87.67239062727816,41.90407117857009],[-87.67239899378713,41.90439919086765]]}},{"type":"Feature","id":601,"properties":{"sid":601,"lb_mm":0,"exact":0,"gw_mm":6159,"detail_id":601},"geometry":{"type":"LineString","coordinates":[[-87.67239899378713,41.90439919086765],[-87.67240040455144,41.904454631865555]]}},{"type":"Feature","id":602,"properties":{"sid":602,"lb_mm":0,"exact":0,"gw_mm":27853,"detail_id":602},"geometry":{"type":"LineString","coordinates":[[-87.67240040455144,41.904454631865555],[-87.67240678302409,41.9047053549365]]}},{"type":"Feature","id":603,"properties":{"sid":603,"lb_mm":0,"exact":0,"gw_mm":13891,"detail_id":603},"geometry":{"type":"LineString","coordinates":[[-87.67240678302409,41.9047053549365],[-87.67240999362,41.90483039967198]]}},{"type":"Feature","id":604,"properties":{"sid":604,"lb_mm":0,"exact":0,"gw_mm":13440,"detail_id":604},"geometry":{"type":"LineString","coordinates":[[-87.67240999362,41.90483039967198],[-87.67241309906467,41.90495138417816]]}},{"type":"Feature","id":605,"properties":{"sid":605,"lb_mm":0,"exact":0,"gw_mm":20084,"detail_id":605},"geometry":{"type":"LineString","coordinates":[[-87.67241309906467,41.90495138417816],[-87.67241769925934,41.90513217319136]]}},{"type":"Feature","id":606,"properties":{"sid":606,"lb_mm":0,"exact":0,"gw_mm":30000,"detail_id":606},"geometry":{"type":"LineString","coordinates":[[-87.67241534789392,41.90554081376968],[-87.67218260060662,41.905747504054375]]}},{"type":"Feature","id":607,"properties":{"sid":607,"lb_mm":0,"exact":0,"gw_mm":8659,"detail_id":607},"geometry":{"type":"LineString","coordinates":[[-87.67241769925934,41.90513217319136],[-87.6724196914492,41.905210120560376]]}},{"type":"Feature","id":608,"properties":{"sid":608,"lb_mm":0,"exact":0,"gw_mm":36732,"detail_id":608},"geometry":{"type":"LineString","coordinates":[[-87.6724196914492,41.905210120560376],[-87.67241534789392,41.90554081376968]]}},{"type":"Feature","id":609,"properties":{"sid":609,"lb_mm":0,"exact":0,"gw_mm":31546,"detail_id":609},"geometry":{"type":"LineString","coordinates":[[-87.67244075337607,41.95789022565485],[-87.67282118730111,41.95788467667048]]}},{"type":"Feature","id":610,"properties":{"sid":610,"lb_mm":0,"exact":0,"gw_mm":21136,"detail_id":610},"geometry":{"type":"LineString","coordinates":[[-87.67245340583045,41.91602708442047],[-87.67270808517047,41.91602191628049]]}},{"type":"Feature","id":611,"properties":{"sid":611,"lb_mm":0,"exact":0,"gw_mm":38747,"detail_id":611},"geometry":{"type":"LineString","coordinates":[[-87.67248088981925,41.90718693711562],[-87.6724887449261,41.90753573416931]]}},{"type":"Feature","id":612,"properties":{"sid":612,"lb_mm":0,"exact":0,"gw_mm":83816,"detail_id":612},"geometry":{"type":"LineString","coordinates":[[-87.6724887449261,41.90753573416931],[-87.67250827520012,41.90829020827127]]}},{"type":"Feature","id":613,"properties":{"sid":613,"lb_mm":0,"exact":0,"gw_mm":50879,"detail_id":613},"geometry":{"type":"LineString","coordinates":[[-87.67250827520012,41.90829020827127],[-87.67251970853908,41.908748204292564]]}},{"type":"Feature","id":614,"properties":{"sid":614,"lb_mm":0,"exact":0,"gw_mm":32697,"detail_id":614},"geometry":{"type":"LineString","coordinates":[[-87.67251970853908,41.908748204292564],[-87.67252684081163,41.90904253662053]]}},{"type":"Feature","id":615,"properties":{"sid":615,"lb_mm":0,"exact":0,"gw_mm":83342,"detail_id":615},"geometry":{"type":"LineString","coordinates":[[-87.67252684081163,41.90904253662053],[-87.67254816379021,41.909792712726684]]}},{"type":"Feature","id":616,"properties":{"sid":616,"lb_mm":0,"exact":0,"gw_mm":131082,"detail_id":616},"geometry":{"type":"LineString","coordinates":[[-87.67254728099739,41.96700711743032],[-87.67096619065087,41.967027437846774]]}},{"type":"Feature","id":617,"properties":{"sid":617,"lb_mm":0,"exact":0,"gw_mm":84511,"detail_id":617},"geometry":{"type":"LineString","coordinates":[[-87.67254816379021,41.909792712726684],[-87.67257021400344,41.91055340344598]]}},{"type":"Feature","id":618,"properties":{"sid":618,"lb_mm":0,"exact":0,"gw_mm":30887,"detail_id":618},"geometry":{"type":"LineString","coordinates":[[-87.6725678236825,41.906088195082305],[-87.67285069966665,41.90626896529098]]}},{"type":"Feature","id":619,"properties":{"sid":619,"lb_mm":0,"exact":0,"gw_mm":202357,"detail_id":619},"geometry":{"type":"LineString","coordinates":[[-87.67257021400344,41.91055340344598],[-87.67261380282847,41.91237497174909]]}},{"type":"Feature","id":620,"properties":{"sid":620,"lb_mm":0,"exact":0,"gw_mm":207470,"detail_id":620},"geometry":{"type":"LineString","coordinates":[[-87.67261380282847,41.91237497174909],[-87.6726615877246,41.91424252215922]]}},{"type":"Feature","id":621,"properties":{"sid":621,"lb_mm":0,"exact":0,"gw_mm":197678,"detail_id":621},"geometry":{"type":"LineString","coordinates":[[-87.6726615877246,41.91424252215922],[-87.67270808517047,41.91602191628049]]}},{"type":"Feature","id":622,"properties":{"sid":622,"lb_mm":0,"exact":0,"gw_mm":15672,"detail_id":622},"geometry":{"type":"LineString","coordinates":[[-87.67270808517047,41.91602191628049],[-87.67289693197094,41.91601808318635]]}},{"type":"Feature","id":623,"properties":{"sid":623,"lb_mm":0,"exact":0,"gw_mm":131384,"detail_id":623},"geometry":{"type":"LineString","coordinates":[[-87.67272423304597,41.97338530058072],[-87.67113933661257,41.97340584162673]]}},{"type":"Feature","id":624,"properties":{"sid":624,"lb_mm":0,"exact":0,"gw_mm":22042,"detail_id":624},"geometry":{"type":"LineString","coordinates":[[-87.67282118730111,41.95788467667048],[-87.67308700587463,41.957880827105]]}},{"type":"Feature","id":625,"properties":{"sid":625,"lb_mm":0,"exact":0,"gw_mm":27823,"detail_id":625},"geometry":{"type":"LineString","coordinates":[[-87.67285069966665,41.90626896529098],[-87.67310554876941,41.90643176498863]]}},{"type":"Feature","id":626,"properties":{"sid":626,"lb_mm":0,"exact":0,"gw_mm":29025,"detail_id":626},"geometry":{"type":"LineString","coordinates":[[-87.67289693197094,41.91601808318635],[-87.67324667284001,41.91601112060239]]}},{"type":"Feature","id":627,"properties":{"sid":627,"lb_mm":0,"exact":0,"gw_mm":100851,"detail_id":627},"geometry":{"type":"LineString","coordinates":[[-87.67303922731466,41.74657976430942],[-87.67182695328725,41.74659581080869]]}},{"type":"Feature","id":628,"properties":{"sid":628,"lb_mm":0,"exact":0,"gw_mm":50256,"detail_id":628},"geometry":{"type":"LineString","coordinates":[[-87.67305536821056,41.90695823670415],[-87.67266147165667,41.907301962512506]]}},{"type":"Feature","id":629,"properties":{"sid":629,"lb_mm":0,"exact":0,"gw_mm":1113,"detail_id":629},"geometry":{"type":"LineString","coordinates":[[-87.67306409073605,41.906950625890914],[-87.67305536821056,41.90695823670415]]}},{"type":"Feature","id":630,"properties":{"sid":630,"lb_mm":0,"exact":0,"gw_mm":150485,"detail_id":630},"geometry":{"type":"LineString","coordinates":[[-87.67307251225921,42.02116849289927],[-87.67305734981629,42.02252326821216]]}},{"type":"Feature","id":631,"properties":{"sid":631,"lb_mm":0,"exact":0,"gw_mm":266863,"detail_id":631},"geometry":{"type":"LineString","coordinates":[[-87.67308071667281,41.98668692007503],[-87.66986132349383,41.98674503191171]]}},{"type":"Feature","id":632,"properties":{"sid":632,"lb_mm":0,"exact":0,"gw_mm":20020,"detail_id":632},"geometry":{"type":"LineString","coordinates":[[-87.67308700587463,41.957880827105],[-87.67332844315693,41.957877330144086]]}},{"type":"Feature","id":633,"properties":{"sid":633,"lb_mm":0,"exact":0,"gw_mm":34933,"detail_id":633},"geometry":{"type":"LineString","coordinates":[[-87.67310554876941,41.90643176498863],[-87.67342545852911,41.90663623019432]]}},{"type":"Feature","id":634,"properties":{"sid":634,"lb_mm":0,"exact":0,"gw_mm":6001,"detail_id":634},"geometry":{"type":"LineString","coordinates":[[-87.67311111976143,41.9069095762285],[-87.67306409073605,41.906950625890914]]}},{"type":"Feature","id":635,"properties":{"sid":635,"lb_mm":0,"exact":0,"gw_mm":2716,"detail_id":635},"geometry":{"type":"LineString","coordinates":[[-87.67313240315715,41.90689099769586],[-87.67311111976143,41.9069095762285]]}},{"type":"Feature","id":636,"properties":{"sid":636,"lb_mm":0,"exact":0,"gw_mm":23558,"detail_id":636},"geometry":{"type":"LineString","coordinates":[[-87.67322510152377,41.94145076036076],[-87.67350914018465,41.94144718102526]]}},{"type":"Feature","id":637,"properties":{"sid":637,"lb_mm":0,"exact":0,"gw_mm":39848,"detail_id":637},"geometry":{"type":"LineString","coordinates":[[-87.67324667284001,41.91601112060239],[-87.67372683533974,41.91600153086808]]}},{"type":"Feature","id":638,"properties":{"sid":638,"lb_mm":0,"exact":0,"gw_mm":23889,"detail_id":638},"geometry":{"type":"LineString","coordinates":[[-87.67331961129268,41.90672758859317],[-87.67313240315715,41.90689099769586]]}},{"type":"Feature","id":639,"properties":{"sid":639,"lb_mm":0,"exact":0,"gw_mm":32817,"detail_id":639},"geometry":{"type":"LineString","coordinates":[[-87.67332844315693,41.957877330144086],[-87.67372420989162,41.95787159171048]]}},{"type":"Feature","id":640,"properties":{"sid":640,"lb_mm":0,"exact":0,"gw_mm":126185,"detail_id":640},"geometry":{"type":"LineString","coordinates":[[-87.6733986234986,41.99437479801668],[-87.67187614092173,41.99440171239816]]}},{"type":"Feature","id":641,"properties":{"sid":641,"lb_mm":0,"exact":0,"gw_mm":13420,"detail_id":641},"geometry":{"type":"LineString","coordinates":[[-87.67342545852911,41.90663623019432],[-87.67331961129268,41.90672758859317]]}},{"type":"Feature","id":642,"properties":{"sid":642,"lb_mm":0,"exact":0,"gw_mm":35075,"detail_id":642},"geometry":{"type":"LineString","coordinates":[[-87.67350914018465,41.94144718102526],[-87.67393204247784,41.94144184975163]]}},{"type":"Feature","id":643,"properties":{"sid":643,"lb_mm":0,"exact":0,"gw_mm":31688,"detail_id":643},"geometry":{"type":"LineString","coordinates":[[-87.67355397133981,41.943268748273525],[-87.67393604018855,41.94326367842886]]}},{"type":"Feature","id":644,"properties":{"sid":644,"lb_mm":0,"exact":0,"gw_mm":12938,"detail_id":644},"geometry":{"type":"LineString","coordinates":[[-87.67372420989162,41.95787159171048],[-87.67388025023307,41.957869656573706]]}},{"type":"Feature","id":645,"properties":{"sid":645,"lb_mm":0,"exact":0,"gw_mm":16533,"detail_id":645},"geometry":{"type":"LineString","coordinates":[[-87.67372683533974,41.91600153086808],[-87.67392607330113,41.91599800066332]]}},{"type":"Feature","id":646,"properties":{"sid":646,"lb_mm":0,"exact":0,"gw_mm":12642,"detail_id":646},"geometry":{"type":"LineString","coordinates":[[-87.67388025023307,41.957869656573706],[-87.67403271247565,41.957867765500836]]}},{"type":"Feature","id":647,"properties":{"sid":647,"lb_mm":0,"exact":0,"gw_mm":14526,"detail_id":647},"geometry":{"type":"LineString","coordinates":[[-87.67392607330113,41.91599800066332],[-87.67410111633212,41.91599489841929]]}},{"type":"Feature","id":648,"properties":{"sid":648,"lb_mm":0,"exact":0,"gw_mm":10134,"detail_id":648},"geometry":{"type":"LineString","coordinates":[[-87.67393604018855,41.94326367842886],[-87.67397792402865,41.943177969723564]]}},{"type":"Feature","id":649,"properties":{"sid":649,"lb_mm":0,"exact":0,"gw_mm":173279,"detail_id":649},"geometry":{"type":"LineString","coordinates":[[-87.67393604018855,41.94326367842886],[-87.67602538455115,41.94323906314433]]}},{"type":"Feature","id":650,"properties":{"sid":650,"lb_mm":0,"exact":0,"gw_mm":101147,"detail_id":650},"geometry":{"type":"LineString","coordinates":[[-87.67395605829908,41.942352318446524],[-87.67393204247784,41.94144184975163]]}},{"type":"Feature","id":651,"properties":{"sid":651,"lb_mm":0,"exact":0,"gw_mm":75796,"detail_id":651},"geometry":{"type":"LineString","coordinates":[[-87.67397351983715,41.94303459995206],[-87.67395605829908,41.942352318446524]]}},{"type":"Feature","id":652,"properties":{"sid":652,"lb_mm":0,"exact":0,"gw_mm":15929,"detail_id":652},"geometry":{"type":"LineString","coordinates":[[-87.67397792402865,41.943177969723564],[-87.67397351983715,41.94303459995206]]}},{"type":"Feature","id":653,"properties":{"sid":653,"lb_mm":0,"exact":0,"gw_mm":120752,"detail_id":653},"geometry":{"type":"LineString","coordinates":[[-87.67400383983556,41.96699159172088],[-87.67254728099739,41.96700711743032]]}},{"type":"Feature","id":654,"properties":{"sid":654,"lb_mm":0,"exact":0,"gw_mm":6688,"detail_id":654},"geometry":{"type":"LineString","coordinates":[[-87.67403271247565,41.957867765500836],[-87.67411334685212,41.95786600381415]]}},{"type":"Feature","id":655,"properties":{"sid":655,"lb_mm":0,"exact":0,"gw_mm":202885,"detail_id":655},"geometry":{"type":"LineString","coordinates":[[-87.67407174471747,41.96516135570112],[-87.67411728827086,41.96698763983355]]}},{"type":"Feature","id":656,"properties":{"sid":656,"lb_mm":0,"exact":0,"gw_mm":112633,"detail_id":656},"geometry":{"type":"LineString","coordinates":[[-87.67408278383658,41.973362433311216],[-87.67272423304597,41.97338530058072]]}},{"type":"Feature","id":657,"properties":{"sid":657,"lb_mm":0,"exact":0,"gw_mm":34321,"detail_id":657},"geometry":{"type":"LineString","coordinates":[[-87.67410111633212,41.91599489841929],[-87.67451471456991,41.91598780518736]]}},{"type":"Feature","id":658,"properties":{"sid":658,"lb_mm":0,"exact":0,"gw_mm":9813,"detail_id":658},"geometry":{"type":"LineString","coordinates":[[-87.67411334685212,41.95786600381415],[-87.67423165861017,41.95786341939988]]}},{"type":"Feature","id":659,"properties":{"sid":659,"lb_mm":0,"exact":0,"gw_mm":9414,"detail_id":659},"geometry":{"type":"LineString","coordinates":[[-87.67411728827086,41.96698763983355],[-87.67400383983556,41.96699159172088]]}},{"type":"Feature","id":660,"properties":{"sid":660,"lb_mm":0,"exact":0,"gw_mm":202887,"detail_id":660},"geometry":{"type":"LineString","coordinates":[[-87.67411728827086,41.96698763983355],[-87.67416834172488,41.968813860478086]]}},{"type":"Feature","id":661,"properties":{"sid":661,"lb_mm":0,"exact":0,"gw_mm":284996,"detail_id":661},"geometry":{"type":"LineString","coordinates":[[-87.67416834172488,41.968813860478086],[-87.67422213051589,41.9713793989887]]}},{"type":"Feature","id":662,"properties":{"sid":662,"lb_mm":0,"exact":0,"gw_mm":40261,"detail_id":662},"geometry":{"type":"LineString","coordinates":[[-87.67422213051589,41.9713793989887],[-87.67423446744769,41.971741753333944]]}},{"type":"Feature","id":663,"properties":{"sid":663,"lb_mm":0,"exact":0,"gw_mm":6388,"detail_id":663},"geometry":{"type":"LineString","coordinates":[[-87.67423165861017,41.95786341939988],[-87.67430869221192,41.957862380576074]]}},{"type":"Feature","id":664,"properties":{"sid":664,"lb_mm":0,"exact":0,"gw_mm":4377,"detail_id":664},"geometry":{"type":"LineString","coordinates":[[-87.67423446744769,41.971741753333944],[-87.67423666272383,41.97178112373457]]}},{"type":"Feature","id":665,"properties":{"sid":665,"lb_mm":0,"exact":0,"gw_mm":18565,"detail_id":665},"geometry":{"type":"LineString","coordinates":[[-87.67423666272383,41.97178112373457],[-87.67424407358946,41.97194817244524]]}},{"type":"Feature","id":666,"properties":{"sid":666,"lb_mm":0,"exact":0,"gw_mm":146387,"detail_id":666},"geometry":{"type":"LineString","coordinates":[[-87.67424407358946,41.97194817244524],[-87.6742794064363,41.973265845284274]]}},{"type":"Feature","id":667,"properties":{"sid":667,"lb_mm":0,"exact":0,"gw_mm":11071,"detail_id":667},"geometry":{"type":"LineString","coordinates":[[-87.67425069630097,41.966982993028],[-87.67411728827086,41.96698763983355]]}},{"type":"Feature","id":668,"properties":{"sid":668,"lb_mm":0,"exact":0,"gw_mm":10727,"detail_id":668},"geometry":{"type":"LineString","coordinates":[[-87.6742794064363,41.973265845284274],[-87.67430693371573,41.973360210807]]}},{"type":"Feature","id":669,"properties":{"sid":669,"lb_mm":0,"exact":0,"gw_mm":18580,"detail_id":669},"geometry":{"type":"LineString","coordinates":[[-87.67430693371573,41.973360210807],[-87.67408278383658,41.973362433311216]]}},{"type":"Feature","id":670,"properties":{"sid":670,"lb_mm":0,"exact":0,"gw_mm":9924,"detail_id":670},"geometry":{"type":"LineString","coordinates":[[-87.67430693371573,41.973360210807],[-87.67433240077715,41.973447513135895]]}},{"type":"Feature","id":671,"properties":{"sid":671,"lb_mm":0,"exact":0,"gw_mm":11839,"detail_id":671},"geometry":{"type":"LineString","coordinates":[[-87.67430869221192,41.957862380576074],[-87.67445147369533,41.95786045498452]]}},{"type":"Feature","id":672,"properties":{"sid":672,"lb_mm":0,"exact":0,"gw_mm":78984,"detail_id":672},"geometry":{"type":"LineString","coordinates":[[-87.67433240077715,41.973447513135895],[-87.67434864065068,41.97415851245367]]}},{"type":"Feature","id":673,"properties":{"sid":673,"lb_mm":0,"exact":0,"gw_mm":12467,"detail_id":673},"geometry":{"type":"LineString","coordinates":[[-87.67434864065068,41.97415851245367],[-87.67435094764468,41.97427074241313]]}},{"type":"Feature","id":674,"properties":{"sid":674,"lb_mm":0,"exact":0,"gw_mm":100721,"detail_id":674},"geometry":{"type":"LineString","coordinates":[[-87.67435094764468,41.97427074241313],[-87.67437960704217,41.975177290014415]]}},{"type":"Feature","id":675,"properties":{"sid":675,"lb_mm":0,"exact":0,"gw_mm":92032,"detail_id":675},"geometry":{"type":"LineString","coordinates":[[-87.67436723826201,41.978001932482556],[-87.67438783447133,41.97883035965091]]}},{"type":"Feature","id":676,"properties":{"sid":676,"lb_mm":0,"exact":0,"gw_mm":102004,"detail_id":676},"geometry":{"type":"LineString","coordinates":[[-87.67437960704217,41.975177290014415],[-87.67440182217126,41.97609549121731]]}},{"type":"Feature","id":677,"properties":{"sid":677,"lb_mm":0,"exact":0,"gw_mm":93829,"detail_id":677},"geometry":{"type":"LineString","coordinates":[[-87.67438783447133,41.97883035965091],[-87.674412291289,41.979674917486804]]}},{"type":"Feature","id":678,"properties":{"sid":678,"lb_mm":0,"exact":0,"gw_mm":101233,"detail_id":678},"geometry":{"type":"LineString","coordinates":[[-87.67440182217126,41.97609549121731],[-87.67442940224313,41.977006666306956]]}},{"type":"Feature","id":679,"properties":{"sid":679,"lb_mm":0,"exact":0,"gw_mm":16266,"detail_id":679},"geometry":{"type":"LineString","coordinates":[[-87.674412291289,41.979674917486804],[-87.67450190019633,41.979805204752225]]}},{"type":"Feature","id":680,"properties":{"sid":680,"lb_mm":0,"exact":0,"gw_mm":111225,"detail_id":680},"geometry":{"type":"LineString","coordinates":[[-87.67442254510745,41.986663648735735],[-87.67308071667281,41.98668692007503]]}},{"type":"Feature","id":681,"properties":{"sid":681,"lb_mm":0,"exact":0,"gw_mm":85663,"detail_id":681},"geometry":{"type":"LineString","coordinates":[[-87.67442940224313,41.977006666306956],[-87.67445095722755,41.977777730329535]]}},{"type":"Feature","id":682,"properties":{"sid":682,"lb_mm":0,"exact":0,"gw_mm":14261,"detail_id":682},"geometry":{"type":"LineString","coordinates":[[-87.67444616013152,41.97788784329187],[-87.67436723826201,41.978001932482556]]}},{"type":"Feature","id":683,"properties":{"sid":683,"lb_mm":0,"exact":0,"gw_mm":12237,"detail_id":683},"geometry":{"type":"LineString","coordinates":[[-87.67445095722755,41.977777730329535],[-87.67444616013152,41.97788784329187]]}},{"type":"Feature","id":684,"properties":{"sid":684,"lb_mm":0,"exact":0,"gw_mm":29272,"detail_id":684},"geometry":{"type":"LineString","coordinates":[[-87.67445147369533,41.95786045498452],[-87.67480442083483,41.95785342359515]]}},{"type":"Feature","id":685,"properties":{"sid":685,"lb_mm":0,"exact":0,"gw_mm":94222,"detail_id":685},"geometry":{"type":"LineString","coordinates":[[-87.67450190019633,41.979805204752225],[-87.67452731915846,41.98065328011643]]}},{"type":"Feature","id":686,"properties":{"sid":686,"lb_mm":0,"exact":0,"gw_mm":35019,"detail_id":686},"geometry":{"type":"LineString","coordinates":[[-87.67451471456991,41.91598780518736],[-87.67493672781934,41.91598059305476]]}},{"type":"Feature","id":687,"properties":{"sid":687,"lb_mm":0,"exact":0,"gw_mm":101334,"detail_id":687},"geometry":{"type":"LineString","coordinates":[[-87.67452731915846,41.98065328011643],[-87.6745538970671,41.98156538505225]]}},{"type":"Feature","id":688,"properties":{"sid":688,"lb_mm":0,"exact":0,"gw_mm":24802,"detail_id":688},"geometry":{"type":"LineString","coordinates":[[-87.67454986169734,41.96697966019037],[-87.67425069630097,41.966982993028]]}},{"type":"Feature","id":689,"properties":{"sid":689,"lb_mm":0,"exact":0,"gw_mm":101369,"detail_id":689},"geometry":{"type":"LineString","coordinates":[[-87.6745538970671,41.98156538505225],[-87.67458216321519,41.98247777232578]]}},{"type":"Feature","id":690,"properties":{"sid":690,"lb_mm":0,"exact":0,"gw_mm":88800,"detail_id":690},"geometry":{"type":"LineString","coordinates":[[-87.67458216321519,41.98247777232578],[-87.67460306535614,41.98327709216092]]}},{"type":"Feature","id":691,"properties":{"sid":691,"lb_mm":0,"exact":0,"gw_mm":170550,"detail_id":691},"geometry":{"type":"LineString","coordinates":[[-87.67459387461075,41.98678504774584],[-87.67463481234324,41.98832021997067]]}},{"type":"Feature","id":692,"properties":{"sid":692,"lb_mm":0,"exact":0,"gw_mm":8041,"detail_id":692},"geometry":{"type":"LineString","coordinates":[[-87.67460306535614,41.98327709216092],[-87.67460349809078,41.983349483496475]]}},{"type":"Feature","id":693,"properties":{"sid":693,"lb_mm":0,"exact":0,"gw_mm":95457,"detail_id":693},"geometry":{"type":"LineString","coordinates":[[-87.67460349809078,41.983349483496475],[-87.67462690728992,41.98420871172335]]}},{"type":"Feature","id":694,"properties":{"sid":694,"lb_mm":0,"exact":0,"gw_mm":256703,"detail_id":694},"geometry":{"type":"LineString","coordinates":[[-87.67462690728992,41.98420871172335],[-87.67469084953773,41.986519334937555]]}},{"type":"Feature","id":695,"properties":{"sid":695,"lb_mm":0,"exact":0,"gw_mm":270554,"detail_id":695},"geometry":{"type":"LineString","coordinates":[[-87.67463481234324,41.98832021997067],[-87.67469970767513,41.99075555451149]]}},{"type":"Feature","id":696,"properties":{"sid":696,"lb_mm":0,"exact":0,"gw_mm":18654,"detail_id":696},"geometry":{"type":"LineString","coordinates":[[-87.67464721368864,41.9866740493659],[-87.67442254510745,41.986663648735735]]}},{"type":"Feature","id":697,"properties":{"sid":697,"lb_mm":0,"exact":0,"gw_mm":13097,"detail_id":697},"geometry":{"type":"LineString","coordinates":[[-87.67464721368864,41.9866740493659],[-87.67459387461075,41.98678504774584]]}},{"type":"Feature","id":698,"properties":{"sid":698,"lb_mm":0,"exact":0,"gw_mm":9025,"detail_id":698},"geometry":{"type":"LineString","coordinates":[[-87.6746586642419,41.96697664896055],[-87.67454986169734,41.96697966019037]]}},{"type":"Feature","id":699,"properties":{"sid":699,"lb_mm":0,"exact":0,"gw_mm":9241,"detail_id":699},"geometry":{"type":"LineString","coordinates":[[-87.67468483926406,41.986595726321696],[-87.67464721368864,41.9866740493659]]}},{"type":"Feature","id":700,"properties":{"sid":700,"lb_mm":0,"exact":0,"gw_mm":8500,"detail_id":700},"geometry":{"type":"LineString","coordinates":[[-87.67469084953773,41.986519334937555],[-87.67468483926406,41.986595726321696]]}},{"type":"Feature","id":701,"properties":{"sid":701,"lb_mm":0,"exact":0,"gw_mm":11478,"detail_id":701},"geometry":{"type":"LineString","coordinates":[[-87.67479703170565,41.96697281866121],[-87.6746586642419,41.96697664896055]]}},{"type":"Feature","id":702,"properties":{"sid":702,"lb_mm":0,"exact":0,"gw_mm":16751,"detail_id":702},"geometry":{"type":"LineString","coordinates":[[-87.67480442083483,41.95785342359515],[-87.67500639337854,41.95784941852946]]}},{"type":"Feature","id":703,"properties":{"sid":703,"lb_mm":0,"exact":0,"gw_mm":44293,"detail_id":703},"geometry":{"type":"LineString","coordinates":[[-87.67484106375534,41.97334774694489],[-87.67430693371573,41.973360210807]]}},{"type":"Feature","id":704,"properties":{"sid":704,"lb_mm":0,"exact":0,"gw_mm":123550,"detail_id":704},"geometry":{"type":"LineString","coordinates":[[-87.67488922958526,41.99434621577507],[-87.6733986234986,41.99437479801668]]}},{"type":"Feature","id":705,"properties":{"sid":705,"lb_mm":0,"exact":0,"gw_mm":17269,"detail_id":705},"geometry":{"type":"LineString","coordinates":[[-87.67493672781934,41.91598059305476],[-87.67514483229307,41.91597687478594]]}},{"type":"Feature","id":706,"properties":{"sid":706,"lb_mm":0,"exact":0,"gw_mm":9151,"detail_id":706},"geometry":{"type":"LineString","coordinates":[[-87.6749507827084,41.97333857617513],[-87.67484106375534,41.97334774694489]]}},{"type":"Feature","id":707,"properties":{"sid":707,"lb_mm":0,"exact":0,"gw_mm":6329,"detail_id":707},"geometry":{"type":"LineString","coordinates":[[-87.67500639337854,41.95784941852946],[-87.67508270087967,41.95784790415047]]}},{"type":"Feature","id":708,"properties":{"sid":708,"lb_mm":0,"exact":0,"gw_mm":3146,"detail_id":708},"geometry":{"type":"LineString","coordinates":[[-87.67508270087967,41.95784790415047],[-87.6751206332368,41.95784715197495]]}},{"type":"Feature","id":709,"properties":{"sid":709,"lb_mm":0,"exact":0,"gw_mm":49717,"detail_id":709},"geometry":{"type":"LineString","coordinates":[[-87.6751206332368,41.95784715197495],[-87.67572023923965,41.95784023246773]]}},{"type":"Feature","id":710,"properties":{"sid":710,"lb_mm":0,"exact":0,"gw_mm":40040,"detail_id":710},"geometry":{"type":"LineString","coordinates":[[-87.67514483229307,41.91597687478594],[-87.67562733614804,41.915968250281445]]}},{"type":"Feature","id":711,"properties":{"sid":711,"lb_mm":0,"exact":0,"gw_mm":40789,"detail_id":711},"geometry":{"type":"LineString","coordinates":[[-87.67538139344211,41.99433844993697],[-87.67488922958526,41.99434621577507]]}},{"type":"Feature","id":712,"properties":{"sid":712,"lb_mm":0,"exact":0,"gw_mm":203550,"detail_id":712},"geometry":{"type":"LineString","coordinates":[[-87.67551496148467,42.02253777538592],[-87.67305734981629,42.02252326821216]]}},{"type":"Feature","id":713,"properties":{"sid":713,"lb_mm":0,"exact":0,"gw_mm":47506,"detail_id":713},"geometry":{"type":"LineString","coordinates":[[-87.67562733614804,41.915968250281445],[-87.67619977369527,41.91595698368962]]}},{"type":"Feature","id":714,"properties":{"sid":714,"lb_mm":0,"exact":0,"gw_mm":13219,"detail_id":714},"geometry":{"type":"LineString","coordinates":[[-87.67567450481249,42.02254107637366],[-87.67551496148467,42.02253777538592]]}},{"type":"Feature","id":715,"properties":{"sid":715,"lb_mm":0,"exact":0,"gw_mm":13307,"detail_id":715},"geometry":{"type":"LineString","coordinates":[[-87.67572023923965,41.95784023246773],[-87.67588073608005,41.9578386820704]]}},{"type":"Feature","id":716,"properties":{"sid":716,"lb_mm":0,"exact":0,"gw_mm":7987,"detail_id":716},"geometry":{"type":"LineString","coordinates":[[-87.67588073608005,41.9578386820704],[-87.67597707157425,41.957837751758326]]}},{"type":"Feature","id":717,"properties":{"sid":717,"lb_mm":0,"exact":0,"gw_mm":28290,"detail_id":717},"geometry":{"type":"LineString","coordinates":[[-87.67597707157425,41.957837751758326],[-87.67631825871902,41.95783380493354]]}},{"type":"Feature","id":718,"properties":{"sid":718,"lb_mm":0,"exact":0,"gw_mm":200856,"detail_id":718},"geometry":{"type":"LineString","coordinates":[[-87.67602538455115,41.94323906314433],[-87.67844717961532,41.94320784796253]]}},{"type":"Feature","id":719,"properties":{"sid":719,"lb_mm":0,"exact":0,"gw_mm":33199,"detail_id":719},"geometry":{"type":"LineString","coordinates":[[-87.67607535701984,42.022540151982916],[-87.67567450481249,42.02254107637366]]}},{"type":"Feature","id":720,"properties":{"sid":720,"lb_mm":0,"exact":0,"gw_mm":112071,"detail_id":720},"geometry":{"type":"LineString","coordinates":[[-87.67614877526924,41.96695360333154],[-87.67479703170565,41.96697281866121]]}},{"type":"Feature","id":721,"properties":{"sid":721,"lb_mm":0,"exact":0,"gw_mm":13336,"detail_id":721},"geometry":{"type":"LineString","coordinates":[[-87.67619977369527,41.91595698368962],[-87.67636048762695,41.91595423265854]]}},{"type":"Feature","id":722,"properties":{"sid":722,"lb_mm":0,"exact":0,"gw_mm":113342,"detail_id":722},"geometry":{"type":"LineString","coordinates":[[-87.67631753870674,41.973306056398926],[-87.6749507827084,41.97333857617513]]}},{"type":"Feature","id":723,"properties":{"sid":723,"lb_mm":0,"exact":0,"gw_mm":9159,"detail_id":723},"geometry":{"type":"LineString","coordinates":[[-87.67631825871902,41.95783380493354],[-87.67642871746233,41.957832317632146]]}},{"type":"Feature","id":724,"properties":{"sid":724,"lb_mm":0,"exact":0,"gw_mm":19664,"detail_id":724},"geometry":{"type":"LineString","coordinates":[[-87.67636048762695,41.91595423265854],[-87.67659746054582,41.915950175436755]]}},{"type":"Feature","id":725,"properties":{"sid":725,"lb_mm":0,"exact":0,"gw_mm":16231,"detail_id":725},"geometry":{"type":"LineString","coordinates":[[-87.67642871746233,41.957832317632146],[-87.6766244613536,41.95782968309553]]}},{"type":"Feature","id":726,"properties":{"sid":726,"lb_mm":0,"exact":0,"gw_mm":98542,"detail_id":726},"geometry":{"type":"LineString","coordinates":[[-87.6764536185456,41.97788732181484],[-87.67526481379059,41.977902445293026]]}},{"type":"Feature","id":727,"properties":{"sid":727,"lb_mm":0,"exact":0,"gw_mm":81098,"detail_id":727},"geometry":{"type":"LineString","coordinates":[[-87.67659746054582,41.915950175436755],[-87.67757478913647,41.91593446630701]]}},{"type":"Feature","id":728,"properties":{"sid":728,"lb_mm":0,"exact":0,"gw_mm":6521,"detail_id":728},"geometry":{"type":"LineString","coordinates":[[-87.6766244613536,41.95782968309553],[-87.67670309934537,41.95782862483222]]}},{"type":"Feature","id":729,"properties":{"sid":729,"lb_mm":0,"exact":0,"gw_mm":43756,"detail_id":729},"geometry":{"type":"LineString","coordinates":[[-87.67670309934537,41.95782862483222],[-87.6772307942941,41.9578215697284]]}},{"type":"Feature","id":730,"properties":{"sid":730,"lb_mm":0,"exact":0,"gw_mm":52142,"detail_id":730},"geometry":{"type":"LineString","coordinates":[[-87.67670491966484,42.02254286032658],[-87.67607535701984,42.022540151982916]]}},{"type":"Feature","id":731,"properties":{"sid":731,"lb_mm":0,"exact":0,"gw_mm":609189,"detail_id":731},"geometry":{"type":"LineString","coordinates":[[-87.67696840268795,41.89316522856464],[-87.66962990130686,41.893295924187846]]}},{"type":"Feature","id":732,"properties":{"sid":732,"lb_mm":0,"exact":0,"gw_mm":148176,"detail_id":732},"geometry":{"type":"LineString","coordinates":[[-87.67716912402075,41.99430448757918],[-87.67538139344211,41.99433844993697]]}},{"type":"Feature","id":733,"properties":{"sid":733,"lb_mm":0,"exact":0,"gw_mm":11466,"detail_id":733},"geometry":{"type":"LineString","coordinates":[[-87.6772307942941,41.9578215697284],[-87.67736905814361,41.957819074492754]]}},{"type":"Feature","id":734,"properties":{"sid":734,"lb_mm":0,"exact":0,"gw_mm":9505,"detail_id":734},"geometry":{"type":"LineString","coordinates":[[-87.67736905814361,41.957819074492754],[-87.67748367701383,41.957817004924074]]}},{"type":"Feature","id":735,"properties":{"sid":735,"lb_mm":0,"exact":0,"gw_mm":39856,"detail_id":735},"geometry":{"type":"LineString","coordinates":[[-87.67748367701383,41.957817004924074],[-87.67796434073033,41.957810611409776]]}},{"type":"Feature","id":736,"properties":{"sid":736,"lb_mm":0,"exact":0,"gw_mm":123504,"detail_id":736},"geometry":{"type":"LineString","coordinates":[[-87.67763840116353,41.966932003121556],[-87.67614877526924,41.96695360333154]]}},{"type":"Feature","id":737,"properties":{"sid":737,"lb_mm":0,"exact":0,"gw_mm":122879,"detail_id":737},"geometry":{"type":"LineString","coordinates":[[-87.6777995007513,41.973275840252875],[-87.67631753870674,41.973306056398926]]}},{"type":"Feature","id":738,"properties":{"sid":738,"lb_mm":0,"exact":0,"gw_mm":1250,"detail_id":738},"geometry":{"type":"LineString","coordinates":[[-87.67796434073033,41.957810611409776],[-87.67797941678282,41.95781041746656]]}},{"type":"Feature","id":739,"properties":{"sid":739,"lb_mm":0,"exact":0,"gw_mm":4659,"detail_id":739},"geometry":{"type":"LineString","coordinates":[[-87.67797941678282,41.95781041746656],[-87.67803560264404,41.957809673987676]]}},{"type":"Feature","id":740,"properties":{"sid":740,"lb_mm":0,"exact":0,"gw_mm":6257,"detail_id":740},"geometry":{"type":"LineString","coordinates":[[-87.67803560264404,41.957809673987676],[-87.67811105688479,41.95780866501262]]}},{"type":"Feature","id":741,"properties":{"sid":741,"lb_mm":0,"exact":0,"gw_mm":5573,"detail_id":741},"geometry":{"type":"LineString","coordinates":[[-87.67811105688479,41.95780866501262],[-87.67817827274229,41.95780776743357]]}},{"type":"Feature","id":742,"properties":{"sid":742,"lb_mm":0,"exact":0,"gw_mm":5919,"detail_id":742},"geometry":{"type":"LineString","coordinates":[[-87.67817827274229,41.95780776743357],[-87.67824966026556,41.9578068134891]]}},{"type":"Feature","id":743,"properties":{"sid":743,"lb_mm":0,"exact":0,"gw_mm":22104,"detail_id":743},"geometry":{"type":"LineString","coordinates":[[-87.67824966026556,41.9578068134891],[-87.67851622917487,41.95780325003996]]}},{"type":"Feature","id":744,"properties":{"sid":744,"lb_mm":0,"exact":0,"gw_mm":28486,"detail_id":744},"geometry":{"type":"LineString","coordinates":[[-87.67851622917487,41.95780325003996],[-87.67885976348546,41.95779822325113]]}},{"type":"Feature","id":745,"properties":{"sid":745,"lb_mm":0,"exact":0,"gw_mm":111921,"detail_id":745},"geometry":{"type":"LineString","coordinates":[[-87.67851947669682,41.994279988376505],[-87.67716912402075,41.99430448757918]]}},{"type":"Feature","id":746,"properties":{"sid":746,"lb_mm":0,"exact":0,"gw_mm":29026,"detail_id":746},"geometry":{"type":"LineString","coordinates":[[-87.67885976348546,41.95779822325113],[-87.67920980385308,41.957793099254225]]}},{"type":"Feature","id":747,"properties":{"sid":747,"lb_mm":0,"exact":0,"gw_mm":123430,"detail_id":747},"geometry":{"type":"LineString","coordinates":[[-87.67912714972644,41.96691116276582],[-87.67763840116353,41.966932003121556]]}},{"type":"Feature","id":748,"properties":{"sid":748,"lb_mm":0,"exact":0,"gw_mm":21457,"detail_id":748},"geometry":{"type":"LineString","coordinates":[[-87.67920980385308,41.957793099254225],[-87.67946855441483,41.957789020876554]]}},{"type":"Feature","id":749,"properties":{"sid":749,"lb_mm":0,"exact":0,"gw_mm":125578,"detail_id":749},"geometry":{"type":"LineString","coordinates":[[-87.67931390197802,41.97324196789382],[-87.6777995007513,41.973275840252875]]}},{"type":"Feature","id":750,"properties":{"sid":750,"lb_mm":0,"exact":0,"gw_mm":248604,"detail_id":750},"geometry":{"type":"LineString","coordinates":[[-87.67945260525518,41.977842421993415],[-87.6764536185456,41.97788732181484]]}},{"type":"Feature","id":751,"properties":{"sid":751,"lb_mm":0,"exact":0,"gw_mm":15027,"detail_id":751},"geometry":{"type":"LineString","coordinates":[[-87.67946855441483,41.957789020876554],[-87.67964977388216,41.95778616521041]]}},{"type":"Feature","id":752,"properties":{"sid":752,"lb_mm":0,"exact":0,"gw_mm":33197,"detail_id":752},"geometry":{"type":"LineString","coordinates":[[-87.67964977388216,41.95778616521041],[-87.6800501045958,41.9577798817512]]}},{"type":"Feature","id":753,"properties":{"sid":753,"lb_mm":0,"exact":0,"gw_mm":56508,"detail_id":753},"geometry":{"type":"LineString","coordinates":[[-87.67991469119143,41.97055509084982],[-87.67923310518233,41.970565620100835]]}},{"type":"Feature","id":754,"properties":{"sid":754,"lb_mm":0,"exact":0,"gw_mm":116165,"detail_id":754},"geometry":{"type":"LineString","coordinates":[[-87.67992104080258,41.99425478884711],[-87.67851947669682,41.994279988376505]]}},{"type":"Feature","id":755,"properties":{"sid":755,"lb_mm":0,"exact":0,"gw_mm":40910,"detail_id":755},"geometry":{"type":"LineString","coordinates":[[-87.6800501045958,41.9577798817512],[-87.6805434434992,41.957772109934595]]}},{"type":"Feature","id":756,"properties":{"sid":756,"lb_mm":0,"exact":0,"gw_mm":45322,"detail_id":756},"geometry":{"type":"LineString","coordinates":[[-87.68046135688802,41.97054667049821],[-87.67991469119143,41.97055509084982]]}},{"type":"Feature","id":757,"properties":{"sid":757,"lb_mm":0,"exact":0,"gw_mm":3240,"detail_id":757},"geometry":{"type":"LineString","coordinates":[[-87.6805434434992,41.957772109934595],[-87.68058251664709,41.9577714938887]]}},{"type":"Feature","id":758,"properties":{"sid":758,"lb_mm":0,"exact":0,"gw_mm":7241,"detail_id":758},"geometry":{"type":"LineString","coordinates":[[-87.68058251664709,41.9577714938887],[-87.68066984123266,41.957770123064556]]}},{"type":"Feature","id":759,"properties":{"sid":759,"lb_mm":0,"exact":0,"gw_mm":8721,"detail_id":759},"geometry":{"type":"LineString","coordinates":[[-87.68066984123266,41.957770123064556],[-87.68077500495271,41.95776847273224]]}},{"type":"Feature","id":760,"properties":{"sid":760,"lb_mm":0,"exact":0,"gw_mm":9808,"detail_id":760},"geometry":{"type":"LineString","coordinates":[[-87.68067929624229,41.932332924944184],[-87.68075268040707,41.93240216713175]]}},{"type":"Feature","id":761,"properties":{"sid":761,"lb_mm":0,"exact":0,"gw_mm":9576,"detail_id":761},"geometry":{"type":"LineString","coordinates":[[-87.68068656744137,41.93224687910499],[-87.68067929624229,41.932332924944184]]}},{"type":"Feature","id":762,"properties":{"sid":762,"lb_mm":0,"exact":0,"gw_mm":134017,"detail_id":762},"geometry":{"type":"LineString","coordinates":[[-87.68074358014594,41.96688783189945],[-87.67912714972644,41.96691116276582]]}},{"type":"Feature","id":763,"properties":{"sid":763,"lb_mm":0,"exact":0,"gw_mm":27457,"detail_id":763},"geometry":{"type":"LineString","coordinates":[[-87.68075268040707,41.93240216713175],[-87.68099031588356,41.932574275619615]]}},{"type":"Feature","id":764,"properties":{"sid":764,"lb_mm":0,"exact":0,"gw_mm":8304,"detail_id":764},"geometry":{"type":"LineString","coordinates":[[-87.68077500495271,41.95776847273224],[-87.68087514398576,41.95776690088734]]}},{"type":"Feature","id":765,"properties":{"sid":765,"lb_mm":0,"exact":0,"gw_mm":33985,"detail_id":765},"geometry":{"type":"LineString","coordinates":[[-87.68087514398576,41.95776690088734],[-87.68128502163871,41.95776203857818]]}},{"type":"Feature","id":766,"properties":{"sid":766,"lb_mm":0,"exact":0,"gw_mm":32553,"detail_id":766},"geometry":{"type":"LineString","coordinates":[[-87.68099031588356,41.932574275619615],[-87.68127184748019,41.932778484899636]]}},{"type":"Feature","id":767,"properties":{"sid":767,"lb_mm":0,"exact":0,"gw_mm":49568,"detail_id":767},"geometry":{"type":"LineString","coordinates":[[-87.68105924335968,41.970537810210786],[-87.68046135688802,41.97054667049821]]}},{"type":"Feature","id":768,"properties":{"sid":768,"lb_mm":0,"exact":0,"gw_mm":49204,"detail_id":768},"geometry":{"type":"LineString","coordinates":[[-87.68127184748019,41.932778484899636],[-87.68169742349028,41.93308712412799]]}},{"type":"Feature","id":769,"properties":{"sid":769,"lb_mm":0,"exact":0,"gw_mm":201406,"detail_id":769},"geometry":{"type":"LineString","coordinates":[[-87.68128502163871,41.95776203857818],[-87.68371395096874,41.95772861805896]]}},{"type":"Feature","id":770,"properties":{"sid":770,"lb_mm":0,"exact":0,"gw_mm":50020,"detail_id":770},"geometry":{"type":"LineString","coordinates":[[-87.68166258761936,41.97052919206795],[-87.68105924335968,41.970537810210786]]}},{"type":"Feature","id":771,"properties":{"sid":771,"lb_mm":0,"exact":0,"gw_mm":74254,"detail_id":771},"geometry":{"type":"LineString","coordinates":[[-87.68169742349028,41.93308712412799],[-87.68234041516408,41.93355232285055]]}},{"type":"Feature","id":772,"properties":{"sid":772,"lb_mm":0,"exact":0,"gw_mm":16685,"detail_id":772},"geometry":{"type":"LineString","coordinates":[[-87.68186383468522,41.970526157640904],[-87.68166258761936,41.97052919206795]]}},{"type":"Feature","id":773,"properties":{"sid":773,"lb_mm":0,"exact":0,"gw_mm":22675,"detail_id":773},"geometry":{"type":"LineString","coordinates":[[-87.68234041516408,41.93355232285055],[-87.68253695794347,41.93369422933307]]}},{"type":"Feature","id":774,"properties":{"sid":774,"lb_mm":0,"exact":0,"gw_mm":134253,"detail_id":774},"geometry":{"type":"LineString","coordinates":[[-87.68236285576124,41.96686433774588],[-87.68074358014594,41.96688783189945]]}},{"type":"Feature","id":775,"properties":{"sid":775,"lb_mm":0,"exact":0,"gw_mm":204064,"detail_id":775},"geometry":{"type":"LineString","coordinates":[[-87.68238316717927,41.994211435492936],[-87.67992104080258,41.99425478884711]]}},{"type":"Feature","id":776,"properties":{"sid":776,"lb_mm":0,"exact":0,"gw_mm":368037,"detail_id":776},"geometry":{"type":"LineString","coordinates":[[-87.68241376638683,41.9135743333476],[-87.6824959218602,41.91688727381286]]}},{"type":"Feature","id":777,"properties":{"sid":777,"lb_mm":0,"exact":0,"gw_mm":47918,"detail_id":777},"geometry":{"type":"LineString","coordinates":[[-87.68244186116945,41.97051944717594],[-87.68186383468522,41.970526157640904]]}},{"type":"Feature","id":778,"properties":{"sid":778,"lb_mm":0,"exact":0,"gw_mm":84839,"detail_id":778},"geometry":{"type":"LineString","coordinates":[[-87.6824959218602,41.91688727381286],[-87.68251279177129,41.91765099093832]]}},{"type":"Feature","id":779,"properties":{"sid":779,"lb_mm":0,"exact":0,"gw_mm":169550,"detail_id":779},"geometry":{"type":"LineString","coordinates":[[-87.68251279177129,41.91765099093832],[-87.682557918341,41.91917711370513]]}},{"type":"Feature","id":780,"properties":{"sid":780,"lb_mm":0,"exact":0,"gw_mm":26209,"detail_id":780},"geometry":{"type":"LineString","coordinates":[[-87.68253695794347,41.93369422933307],[-87.68276403262816,41.93385833152588]]}},{"type":"Feature","id":781,"properties":{"sid":781,"lb_mm":0,"exact":0,"gw_mm":84307,"detail_id":781},"geometry":{"type":"LineString","coordinates":[[-87.682557918341,41.91917711370513],[-87.6825836503441,41.9199359009925]]}},{"type":"Feature","id":782,"properties":{"sid":782,"lb_mm":0,"exact":0,"gw_mm":85198,"detail_id":782},"geometry":{"type":"LineString","coordinates":[[-87.6825836503441,41.9199359009925],[-87.68261039729452,41.920702696106304]]}},{"type":"Feature","id":783,"properties":{"sid":783,"lb_mm":0,"exact":0,"gw_mm":66949,"detail_id":783},"geometry":{"type":"LineString","coordinates":[[-87.68261039729452,41.920702696106304],[-87.68263429576989,41.921305189035415]]}},{"type":"Feature","id":784,"properties":{"sid":784,"lb_mm":0,"exact":0,"gw_mm":53052,"detail_id":784},"geometry":{"type":"LineString","coordinates":[[-87.68263429576989,41.921305189035415],[-87.68265236444462,41.921782638250924]]}},{"type":"Feature","id":785,"properties":{"sid":785,"lb_mm":0,"exact":0,"gw_mm":14231,"detail_id":785},"geometry":{"type":"LineString","coordinates":[[-87.68265236444462,41.921782638250924],[-87.68265765523705,41.9219106985666]]}},{"type":"Feature","id":786,"properties":{"sid":786,"lb_mm":0,"exact":0,"gw_mm":84461,"detail_id":786},"geometry":{"type":"LineString","coordinates":[[-87.68265765523705,41.9219106985666],[-87.68268244174308,41.92267089004356]]}},{"type":"Feature","id":787,"properties":{"sid":787,"lb_mm":0,"exact":0,"gw_mm":9671,"detail_id":787},"geometry":{"type":"LineString","coordinates":[[-87.68276403262816,41.93385833152588],[-87.68284267646835,41.9339226134209]]}},{"type":"Feature","id":788,"properties":{"sid":788,"lb_mm":0,"exact":0,"gw_mm":8914,"detail_id":788},"geometry":{"type":"LineString","coordinates":[[-87.68284267646835,41.9339226134209],[-87.68290509226019,41.93398794405486]]}},{"type":"Feature","id":789,"properties":{"sid":789,"lb_mm":0,"exact":0,"gw_mm":5628,"detail_id":789},"geometry":{"type":"LineString","coordinates":[[-87.68290509226019,41.93398794405486],[-87.68293982100644,41.93403147201438]]}},{"type":"Feature","id":790,"properties":{"sid":790,"lb_mm":0,"exact":0,"gw_mm":39065,"detail_id":790},"geometry":{"type":"LineString","coordinates":[[-87.68291306432923,41.97051251037552],[-87.68244186116945,41.97051944717594]]}},{"type":"Feature","id":791,"properties":{"sid":791,"lb_mm":0,"exact":0,"gw_mm":4971,"detail_id":791},"geometry":{"type":"LineString","coordinates":[[-87.68293982100644,41.93403147201438],[-87.6829658538916,41.934071786936705]]}},{"type":"Feature","id":792,"properties":{"sid":792,"lb_mm":0,"exact":0,"gw_mm":7649,"detail_id":792},"geometry":{"type":"LineString","coordinates":[[-87.6829658538916,41.934071786936705],[-87.68300282931554,41.9341348747339]]}},{"type":"Feature","id":793,"properties":{"sid":793,"lb_mm":0,"exact":0,"gw_mm":7072,"detail_id":793},"geometry":{"type":"LineString","coordinates":[[-87.68300282931554,41.9341348747339],[-87.6830286372789,41.9341955584029]]}},{"type":"Feature","id":794,"properties":{"sid":794,"lb_mm":0,"exact":0,"gw_mm":7792,"detail_id":794},"geometry":{"type":"LineString","coordinates":[[-87.6830286372789,41.9341955584029],[-87.68304907403083,41.93426403193798]]}},{"type":"Feature","id":795,"properties":{"sid":795,"lb_mm":0,"exact":0,"gw_mm":6932,"detail_id":795},"geometry":{"type":"LineString","coordinates":[[-87.68304907403083,41.93426403193798],[-87.68306035287976,41.93432586856714]]}},{"type":"Feature","id":796,"properties":{"sid":796,"lb_mm":0,"exact":0,"gw_mm":8822,"detail_id":796},"geometry":{"type":"LineString","coordinates":[[-87.68306035287976,41.93432586856714],[-87.6830653913606,41.93440520473856]]}},{"type":"Feature","id":797,"properties":{"sid":797,"lb_mm":0,"exact":0,"gw_mm":60839,"detail_id":797},"geometry":{"type":"LineString","coordinates":[[-87.6830653913606,41.93440520473856],[-87.68307970332563,41.93495284040473]]}},{"type":"Feature","id":798,"properties":{"sid":798,"lb_mm":0,"exact":0,"gw_mm":101189,"detail_id":798},"geometry":{"type":"LineString","coordinates":[[-87.68307970332563,41.93495284040473],[-87.683102852943,41.93586369512163]]}},{"type":"Feature","id":799,"properties":{"sid":799,"lb_mm":0,"exact":0,"gw_mm":202190,"detail_id":799},"geometry":{"type":"LineString","coordinates":[[-87.683102852943,41.93586369512163],[-87.68314751735723,41.93768374094615]]}},{"type":"Feature","id":800,"properties":{"sid":800,"lb_mm":0,"exact":0,"gw_mm":18668,"detail_id":800},"geometry":{"type":"LineString","coordinates":[[-87.6831382264378,41.97050868456729],[-87.68291306432923,41.97051251037552]]}},{"type":"Feature","id":801,"properties":{"sid":801,"lb_mm":0,"exact":0,"gw_mm":101098,"detail_id":801},"geometry":{"type":"LineString","coordinates":[[-87.68314751735723,41.93768374094615],[-87.6831727607635,41.938593747261855]]}},{"type":"Feature","id":802,"properties":{"sid":802,"lb_mm":0,"exact":0,"gw_mm":101243,"detail_id":802},"geometry":{"type":"LineString","coordinates":[[-87.6831727607635,41.938593747261855],[-87.6831950233493,41.93950510505639]]}},{"type":"Feature","id":803,"properties":{"sid":803,"lb_mm":0,"exact":0,"gw_mm":101323,"detail_id":803},"geometry":{"type":"LineString","coordinates":[[-87.6831950233493,41.93950510505639],[-87.68321964060152,41.94041714498367]]}},{"type":"Feature","id":804,"properties":{"sid":804,"lb_mm":0,"exact":0,"gw_mm":100993,"detail_id":804},"geometry":{"type":"LineString","coordinates":[[-87.68321964060152,41.94041714498367],[-87.68324431272238,41.94132621037699]]}},{"type":"Feature","id":805,"properties":{"sid":805,"lb_mm":0,"exact":0,"gw_mm":202538,"detail_id":805},"geometry":{"type":"LineString","coordinates":[[-87.68324431272238,41.94132621037699],[-87.68329503607706,41.94314929585356]]}},{"type":"Feature","id":806,"properties":{"sid":806,"lb_mm":0,"exact":0,"gw_mm":202153,"detail_id":806},"geometry":{"type":"LineString","coordinates":[[-87.68329503607706,41.94314929585356],[-87.68334649163783,41.94496890240157]]}},{"type":"Feature","id":807,"properties":{"sid":807,"lb_mm":0,"exact":0,"gw_mm":202592,"detail_id":807},"geometry":{"type":"LineString","coordinates":[[-87.68334649163783,41.94496890240157],[-87.6834003916239,41.94679242783309]]}},{"type":"Feature","id":808,"properties":{"sid":808,"lb_mm":0,"exact":0,"gw_mm":202351,"detail_id":808},"geometry":{"type":"LineString","coordinates":[[-87.6834003916239,41.94679242783309],[-87.6834544283018,41.94861377554326]]}},{"type":"Feature","id":809,"properties":{"sid":809,"lb_mm":0,"exact":0,"gw_mm":202605,"detail_id":809},"geometry":{"type":"LineString","coordinates":[[-87.6834544283018,41.94861377554326],[-87.6835013308384,41.950437518575086]]}},{"type":"Feature","id":810,"properties":{"sid":810,"lb_mm":0,"exact":0,"gw_mm":202499,"detail_id":810},"geometry":{"type":"LineString","coordinates":[[-87.6835013308384,41.950437518575086],[-87.68355162871646,41.95226025835907]]}},{"type":"Feature","id":811,"properties":{"sid":811,"lb_mm":0,"exact":0,"gw_mm":201821,"detail_id":811},"geometry":{"type":"LineString","coordinates":[[-87.68355162871646,41.95226025835907],[-87.68360576303925,41.95407683219524]]}},{"type":"Feature","id":812,"properties":{"sid":812,"lb_mm":0,"exact":0,"gw_mm":105040,"detail_id":812},"geometry":{"type":"LineString","coordinates":[[-87.68360576303925,41.95407683219524],[-87.68363405783923,41.95502228380192]]}},{"type":"Feature","id":813,"properties":{"sid":813,"lb_mm":0,"exact":0,"gw_mm":101577,"detail_id":813},"geometry":{"type":"LineString","coordinates":[[-87.6836087343155,41.994189919477485],[-87.68238316717927,41.994211435492936]]}},{"type":"Feature","id":814,"properties":{"sid":814,"lb_mm":0,"exact":0,"gw_mm":98161,"detail_id":814},"geometry":{"type":"LineString","coordinates":[[-87.68363405783923,41.95502228380192],[-87.68366124781804,41.9559058034199]]}},{"type":"Feature","id":815,"properties":{"sid":815,"lb_mm":0,"exact":0,"gw_mm":42046,"detail_id":815},"geometry":{"type":"LineString","coordinates":[[-87.68364537183585,41.970500946252706],[-87.6831382264378,41.97050868456729]]}},{"type":"Feature","id":816,"properties":{"sid":816,"lb_mm":0,"exact":0,"gw_mm":101285,"detail_id":816},"geometry":{"type":"LineString","coordinates":[[-87.68366124781804,41.9559058034199],[-87.68368819717702,41.956817467638956]]}},{"type":"Feature","id":817,"properties":{"sid":817,"lb_mm":0,"exact":0,"gw_mm":101226,"detail_id":817},"geometry":{"type":"LineString","coordinates":[[-87.68368819717702,41.956817467638956],[-87.68371395096874,41.95772861805896]]}},{"type":"Feature","id":818,"properties":{"sid":818,"lb_mm":0,"exact":0,"gw_mm":202491,"detail_id":818},"geometry":{"type":"LineString","coordinates":[[-87.68371395096874,41.95772861805896],[-87.68376813385585,41.95955122079644]]}},{"type":"Feature","id":819,"properties":{"sid":819,"lb_mm":0,"exact":0,"gw_mm":100684,"detail_id":819},"geometry":{"type":"LineString","coordinates":[[-87.68371395096874,41.95772861805896],[-87.68492814872393,41.957710483404654]]}},{"type":"Feature","id":820,"properties":{"sid":820,"lb_mm":0,"exact":0,"gw_mm":202897,"detail_id":820},"geometry":{"type":"LineString","coordinates":[[-87.68376813385585,41.95955122079644],[-87.68382416657168,41.961377448225]]}},{"type":"Feature","id":821,"properties":{"sid":821,"lb_mm":0,"exact":0,"gw_mm":166447,"detail_id":821},"geometry":{"type":"LineString","coordinates":[[-87.68382416657168,41.961377448225],[-87.68390237890156,41.96287485556654]]}},{"type":"Feature","id":822,"properties":{"sid":822,"lb_mm":0,"exact":0,"gw_mm":159947,"detail_id":822},"geometry":{"type":"LineString","coordinates":[[-87.68388648717112,41.963530170655844],[-87.68392975032934,41.96496982803125]]}},{"type":"Feature","id":823,"properties":{"sid":823,"lb_mm":0,"exact":0,"gw_mm":37061,"detail_id":823},"geometry":{"type":"LineString","coordinates":[[-87.68389389711353,41.96319655081435],[-87.68388648717112,41.963530170655844]]}},{"type":"Feature","id":824,"properties":{"sid":824,"lb_mm":0,"exact":0,"gw_mm":35738,"detail_id":824},"geometry":{"type":"LineString","coordinates":[[-87.68390237890156,41.96287485556654],[-87.68389389711353,41.96319655081435]]}},{"type":"Feature","id":825,"properties":{"sid":825,"lb_mm":0,"exact":0,"gw_mm":106628,"detail_id":825},"geometry":{"type":"LineString","coordinates":[[-87.68392975032934,41.96496982803125],[-87.68395658870195,41.965929600079114]]}},{"type":"Feature","id":826,"properties":{"sid":826,"lb_mm":0,"exact":0,"gw_mm":101246,"detail_id":826},"geometry":{"type":"LineString","coordinates":[[-87.68395658870195,41.965929600079114],[-87.68398377510306,41.966840907474314]]}},{"type":"Feature","id":827,"properties":{"sid":827,"lb_mm":0,"exact":0,"gw_mm":134389,"detail_id":827},"geometry":{"type":"LineString","coordinates":[[-87.68398377510306,41.966840907474314],[-87.68236285576124,41.96686433774588]]}},{"type":"Feature","id":828,"properties":{"sid":828,"lb_mm":0,"exact":0,"gw_mm":101984,"detail_id":828},"geometry":{"type":"LineString","coordinates":[[-87.68398377510306,41.966840907474314],[-87.684008550245,41.9677588941202]]}},{"type":"Feature","id":829,"properties":{"sid":829,"lb_mm":0,"exact":0,"gw_mm":101982,"detail_id":829},"geometry":{"type":"LineString","coordinates":[[-87.684008550245,41.9677588941202],[-87.68403564041674,41.968676824384275]]}},{"type":"Feature","id":830,"properties":{"sid":830,"lb_mm":0,"exact":0,"gw_mm":202041,"detail_id":830},"geometry":{"type":"LineString","coordinates":[[-87.68403564041674,41.968676824384275],[-87.68409620311331,41.97049526140449]]}},{"type":"Feature","id":831,"properties":{"sid":831,"lb_mm":0,"exact":0,"gw_mm":37374,"detail_id":831},"geometry":{"type":"LineString","coordinates":[[-87.68409620311331,41.97049526140449],[-87.68364537183585,41.970500946252706]]}},{"type":"Feature","id":832,"properties":{"sid":832,"lb_mm":0,"exact":0,"gw_mm":202458,"detail_id":832},"geometry":{"type":"LineString","coordinates":[[-87.68409620311331,41.97049526140449],[-87.68416038684715,41.97231738263437]]}},{"type":"Feature","id":833,"properties":{"sid":833,"lb_mm":0,"exact":0,"gw_mm":89212,"detail_id":833},"geometry":{"type":"LineString","coordinates":[[-87.68416038684715,41.97231738263437],[-87.68418695759709,41.97312032664393]]}},{"type":"Feature","id":834,"properties":{"sid":834,"lb_mm":0,"exact":0,"gw_mm":99287,"detail_id":834},"geometry":{"type":"LineString","coordinates":[[-87.68418695759709,41.97312032664393],[-87.68421636646971,41.974013945002085]]}},{"type":"Feature","id":835,"properties":{"sid":835,"lb_mm":0,"exact":0,"gw_mm":202369,"detail_id":835},"geometry":{"type":"LineString","coordinates":[[-87.68418695759709,41.97312032664393],[-87.68662707704186,41.973058014443716]]}},{"type":"Feature","id":836,"properties":{"sid":836,"lb_mm":0,"exact":0,"gw_mm":107427,"detail_id":836},"geometry":{"type":"LineString","coordinates":[[-87.68421636646971,41.974013945002085],[-87.68425063086207,41.97498078363286]]}},{"type":"Feature","id":837,"properties":{"sid":837,"lb_mm":0,"exact":0,"gw_mm":108057,"detail_id":837},"geometry":{"type":"LineString","coordinates":[[-87.68425063086207,41.97498078363286],[-87.68428444745057,41.9759533078252]]}},{"type":"Feature","id":838,"properties":{"sid":838,"lb_mm":0,"exact":0,"gw_mm":101130,"detail_id":838},"geometry":{"type":"LineString","coordinates":[[-87.68428444745057,41.9759533078252],[-87.6843137937251,41.976863523789774]]}},{"type":"Feature","id":839,"properties":{"sid":839,"lb_mm":0,"exact":0,"gw_mm":101566,"detail_id":839},"geometry":{"type":"LineString","coordinates":[[-87.6843137937251,41.976863523789774],[-87.68434469256802,41.97777763959238]]}},{"type":"Feature","id":840,"properties":{"sid":840,"lb_mm":0,"exact":0,"gw_mm":31287,"detail_id":840},"geometry":{"type":"LineString","coordinates":[[-87.68447361731728,41.97049094790918],[-87.68409620311331,41.97049526140449]]}},{"type":"Feature","id":841,"properties":{"sid":841,"lb_mm":0,"exact":0,"gw_mm":101167,"detail_id":841},"geometry":{"type":"LineString","coordinates":[[-87.68482938885973,41.99416932596865],[-87.6836087343155,41.994189919477485]]}},{"type":"Feature","id":842,"properties":{"sid":842,"lb_mm":0,"exact":0,"gw_mm":100622,"detail_id":842},"geometry":{"type":"LineString","coordinates":[[-87.68492814872393,41.957710483404654],[-87.6861416511542,41.957694245187305]]}},{"type":"Feature","id":843,"properties":{"sid":843,"lb_mm":0,"exact":0,"gw_mm":38228,"detail_id":843},"geometry":{"type":"LineString","coordinates":[[-87.68493470911773,41.97048373948516],[-87.68447361731728,41.97049094790918]]}},{"type":"Feature","id":844,"properties":{"sid":844,"lb_mm":0,"exact":0,"gw_mm":31414,"detail_id":844},"geometry":{"type":"LineString","coordinates":[[-87.68531363949303,41.97047885288046],[-87.68493470911773,41.97048373948516]]}},{"type":"Feature","id":845,"properties":{"sid":845,"lb_mm":0,"exact":0,"gw_mm":36708,"detail_id":845},"geometry":{"type":"LineString","coordinates":[[-87.68575638817882,41.970471407966784],[-87.68531363949303,41.97047885288046]]}},{"type":"Feature","id":846,"properties":{"sid":846,"lb_mm":0,"exact":0,"gw_mm":103196,"detail_id":846},"geometry":{"type":"LineString","coordinates":[[-87.68607451194151,41.9941478409801],[-87.68482938885973,41.99416932596865]]}},{"type":"Feature","id":847,"properties":{"sid":847,"lb_mm":0,"exact":0,"gw_mm":174320,"detail_id":847},"geometry":{"type":"LineString","coordinates":[[-87.68608626129271,41.966808691134815],[-87.68398377510306,41.966840907474314]]}},{"type":"Feature","id":848,"properties":{"sid":848,"lb_mm":0,"exact":0,"gw_mm":201215,"detail_id":848},"geometry":{"type":"LineString","coordinates":[[-87.6861416511542,41.957694245187305],[-87.68856829387653,41.957661502250055]]}},{"type":"Feature","id":849,"properties":{"sid":849,"lb_mm":0,"exact":0,"gw_mm":64169,"detail_id":849},"geometry":{"type":"LineString","coordinates":[[-87.68653022232132,41.970454811664965],[-87.68575638817882,41.970471407966784]]}},{"type":"Feature","id":850,"properties":{"sid":850,"lb_mm":0,"exact":0,"gw_mm":42638,"detail_id":850},"geometry":{"type":"LineString","coordinates":[[-87.68660052744195,41.96680117253477],[-87.68608626129271,41.966808691134815]]}},{"type":"Feature","id":851,"properties":{"sid":851,"lb_mm":0,"exact":0,"gw_mm":100584,"detail_id":851},"geometry":{"type":"LineString","coordinates":[[-87.68662707704186,41.973058014443716],[-87.68783981348068,41.97302541346042]]}},{"type":"Feature","id":852,"properties":{"sid":852,"lb_mm":0,"exact":0,"gw_mm":9005,"detail_id":852},"geometry":{"type":"LineString","coordinates":[[-87.68670646187685,41.966783218892665],[-87.68660052744195,41.96680117253477]]}},{"type":"Feature","id":853,"properties":{"sid":853,"lb_mm":0,"exact":0,"gw_mm":5819,"detail_id":853},"geometry":{"type":"LineString","coordinates":[[-87.68676971543833,41.966760508741416],[-87.68670646187685,41.966783218892665]]}},{"type":"Feature","id":854,"properties":{"sid":854,"lb_mm":0,"exact":0,"gw_mm":24332,"detail_id":854},"geometry":{"type":"LineString","coordinates":[[-87.68682362398874,41.97044783018631],[-87.68653022232132,41.970454811664965]]}},{"type":"Feature","id":855,"properties":{"sid":855,"lb_mm":0,"exact":0,"gw_mm":26005,"detail_id":855},"geometry":{"type":"LineString","coordinates":[[-87.68713727618767,41.970442492501455],[-87.68682362398874,41.97044783018631]]}},{"type":"Feature","id":856,"properties":{"sid":856,"lb_mm":0,"exact":0,"gw_mm":41639,"detail_id":856},"geometry":{"type":"LineString","coordinates":[[-87.68722144139475,41.966596549743066],[-87.68676971543833,41.966760508741416]]}},{"type":"Feature","id":857,"properties":{"sid":857,"lb_mm":0,"exact":0,"gw_mm":102240,"detail_id":857},"geometry":{"type":"LineString","coordinates":[[-87.68730809463902,41.994126515223336],[-87.68607451194151,41.9941478409801]]}},{"type":"Feature","id":858,"properties":{"sid":858,"lb_mm":0,"exact":0,"gw_mm":16888,"detail_id":858},"geometry":{"type":"LineString","coordinates":[[-87.68756089572243,41.92245948705935],[-87.68756591643,41.922611483734165]]}},{"type":"Feature","id":859,"properties":{"sid":859,"lb_mm":0,"exact":0,"gw_mm":405143,"detail_id":859},"geometry":{"type":"LineString","coordinates":[[-87.68756591643,41.922611483734165],[-87.68268244174308,41.92267089004356]]}},{"type":"Feature","id":860,"properties":{"sid":860,"lb_mm":0,"exact":0,"gw_mm":50615,"detail_id":860},"geometry":{"type":"LineString","coordinates":[[-87.6877478021637,41.97043374144459],[-87.68713727618767,41.970442492501455]]}},{"type":"Feature","id":861,"properties":{"sid":861,"lb_mm":0,"exact":0,"gw_mm":85886,"detail_id":861},"geometry":{"type":"LineString","coordinates":[[-87.68783981348068,41.97302541346042],[-87.68887541901327,41.97299923584643]]}},{"type":"Feature","id":862,"properties":{"sid":862,"lb_mm":0,"exact":0,"gw_mm":24602,"detail_id":862},"geometry":{"type":"LineString","coordinates":[[-87.68804458136958,41.97043049599157],[-87.6877478021637,41.97043374144459]]}},{"type":"Feature","id":863,"properties":{"sid":863,"lb_mm":0,"exact":0,"gw_mm":102499,"detail_id":863},"geometry":{"type":"LineString","coordinates":[[-87.68854480543155,41.99410512985525],[-87.68730809463902,41.994126515223336]]}},{"type":"Feature","id":864,"properties":{"sid":864,"lb_mm":0,"exact":0,"gw_mm":51418,"detail_id":864},"geometry":{"type":"LineString","coordinates":[[-87.68866463542386,41.97041674547709],[-87.68804458136958,41.97043049599157]]}},{"type":"Feature","id":865,"properties":{"sid":865,"lb_mm":0,"exact":0,"gw_mm":309570,"detail_id":865},"geometry":{"type":"LineString","coordinates":[[-87.68873029395239,41.96313144213491],[-87.6849965844473,41.96318208651197]]}},{"type":"Feature","id":866,"properties":{"sid":866,"lb_mm":0,"exact":0,"gw_mm":28383,"detail_id":866},"geometry":{"type":"LineString","coordinates":[[-87.68887541901327,41.97299923584643],[-87.68921706040454,41.97301660281136]]}},{"type":"Feature","id":867,"properties":{"sid":867,"lb_mm":0,"exact":0,"gw_mm":24427,"detail_id":867},"geometry":{"type":"LineString","coordinates":[[-87.6889588648761,41.97040432250929],[-87.68866463542386,41.97041674547709]]}},{"type":"Feature","id":868,"properties":{"sid":868,"lb_mm":0,"exact":0,"gw_mm":15217,"detail_id":868},"geometry":{"type":"LineString","coordinates":[[-87.6890234750869,41.96677385296706],[-87.6888426326351,41.966750338692535]]}},{"type":"Feature","id":869,"properties":{"sid":869,"lb_mm":0,"exact":0,"gw_mm":809304,"detail_id":869},"geometry":{"type":"LineString","coordinates":[[-87.68921554867522,41.977699594572684],[-87.67945260525518,41.977842421993415]]}},{"type":"Feature","id":870,"properties":{"sid":870,"lb_mm":0,"exact":0,"gw_mm":179032,"detail_id":870},"geometry":{"type":"LineString","coordinates":[[-87.68921706040454,41.97301660281136],[-87.69137653493117,41.97298138463996]]}},{"type":"Feature","id":871,"properties":{"sid":871,"lb_mm":0,"exact":0,"gw_mm":197495,"detail_id":871},"geometry":{"type":"LineString","coordinates":[[-87.68926842928973,41.80657424950268],[-87.68931783554908,41.80835198422687]]}},{"type":"Feature","id":872,"properties":{"sid":872,"lb_mm":0,"exact":0,"gw_mm":101662,"detail_id":872},"geometry":{"type":"LineString","coordinates":[[-87.68931783554908,41.80835198422687],[-87.6893460330321,41.80926704286732]]}},{"type":"Feature","id":873,"properties":{"sid":873,"lb_mm":0,"exact":0,"gw_mm":98917,"detail_id":873},"geometry":{"type":"LineString","coordinates":[[-87.6893460330321,41.80926704286732],[-87.6893705308404,41.81015744247255]]}},{"type":"Feature","id":874,"properties":{"sid":874,"lb_mm":0,"exact":0,"gw_mm":102620,"detail_id":874},"geometry":{"type":"LineString","coordinates":[[-87.6893705308404,41.81015744247255],[-87.68939561231079,41.81108117985257]]}},{"type":"Feature","id":875,"properties":{"sid":875,"lb_mm":0,"exact":0,"gw_mm":100366,"detail_id":875},"geometry":{"type":"LineString","coordinates":[[-87.68939561231079,41.81108117985257],[-87.68942102526408,41.811984612396365]]}},{"type":"Feature","id":876,"properties":{"sid":876,"lb_mm":0,"exact":0,"gw_mm":201315,"detail_id":876},"geometry":{"type":"LineString","coordinates":[[-87.68942102526408,41.811984612396365],[-87.68946923040626,41.813796762729474]]}},{"type":"Feature","id":877,"properties":{"sid":877,"lb_mm":0,"exact":0,"gw_mm":201814,"detail_id":877},"geometry":{"type":"LineString","coordinates":[[-87.68946923040626,41.813796762729474],[-87.6895217560949,41.81561334301629]]}},{"type":"Feature","id":878,"properties":{"sid":878,"lb_mm":0,"exact":0,"gw_mm":165595,"detail_id":878},"geometry":{"type":"LineString","coordinates":[[-87.6895217560949,41.81561334301629],[-87.68956092481382,41.81710396568487]]}},{"type":"Feature","id":879,"properties":{"sid":879,"lb_mm":0,"exact":0,"gw_mm":36017,"detail_id":879},"geometry":{"type":"LineString","coordinates":[[-87.68956092481382,41.81710396568487],[-87.68957430969552,41.81742808885487]]}},{"type":"Feature","id":880,"properties":{"sid":880,"lb_mm":0,"exact":0,"gw_mm":126122,"detail_id":880},"geometry":{"type":"LineString","coordinates":[[-87.68957430969552,41.81742808885487],[-87.68960948815983,41.818563304786736]]}},{"type":"Feature","id":881,"properties":{"sid":881,"lb_mm":0,"exact":0,"gw_mm":116813,"detail_id":881},"geometry":{"type":"LineString","coordinates":[[-87.68960948815983,41.818563304786736],[-87.68963802439406,41.81961479654209]]}},{"type":"Feature","id":882,"properties":{"sid":882,"lb_mm":0,"exact":0,"gw_mm":160449,"detail_id":882},"geometry":{"type":"LineString","coordinates":[[-87.68963802439406,41.81961479654209],[-87.68967707255275,41.82105908092201]]}},{"type":"Feature","id":883,"properties":{"sid":883,"lb_mm":0,"exact":0,"gw_mm":101072,"detail_id":883},"geometry":{"type":"LineString","coordinates":[[-87.68967707255275,41.82105908092201],[-87.68970475866541,41.821968829752485]]}},{"type":"Feature","id":884,"properties":{"sid":884,"lb_mm":0,"exact":0,"gw_mm":100673,"detail_id":884},"geometry":{"type":"LineString","coordinates":[[-87.68970475866541,41.821968829752485],[-87.68972132050284,41.822875142490375]]}},{"type":"Feature","id":885,"properties":{"sid":885,"lb_mm":0,"exact":0,"gw_mm":104997,"detail_id":885},"geometry":{"type":"LineString","coordinates":[[-87.68971935318324,41.82325355596517],[-87.68974707406251,41.824198650589345]]}},{"type":"Feature","id":886,"properties":{"sid":886,"lb_mm":0,"exact":0,"gw_mm":12489,"detail_id":886},"geometry":{"type":"LineString","coordinates":[[-87.68972132050284,41.822875142490375],[-87.6897233987796,41.82298757009477]]}},{"type":"Feature","id":887,"properties":{"sid":887,"lb_mm":0,"exact":0,"gw_mm":29545,"detail_id":887},"geometry":{"type":"LineString","coordinates":[[-87.6897233987796,41.82298757009477],[-87.68971935318324,41.82325355596517]]}},{"type":"Feature","id":888,"properties":{"sid":888,"lb_mm":0,"exact":0,"gw_mm":56107,"detail_id":888},"geometry":{"type":"LineString","coordinates":[[-87.68974707406251,41.824198650589345],[-87.68976345706827,41.824703656094705]]}},{"type":"Feature","id":889,"properties":{"sid":889,"lb_mm":0,"exact":0,"gw_mm":100581,"detail_id":889},"geometry":{"type":"LineString","coordinates":[[-87.68975839899952,41.99408500966573],[-87.68854480543155,41.99410512985525]]}},{"type":"Feature","id":890,"properties":{"sid":890,"lb_mm":0,"exact":0,"gw_mm":101665,"detail_id":890},"geometry":{"type":"LineString","coordinates":[[-87.68976345706827,41.824703656094705],[-87.68979215246874,41.82561873105988]]}},{"type":"Feature","id":891,"properties":{"sid":891,"lb_mm":0,"exact":0,"gw_mm":111477,"detail_id":891},"geometry":{"type":"LineString","coordinates":[[-87.68979215246874,41.82561873105988],[-87.68981733048122,41.82662222303851]]}},{"type":"Feature","id":892,"properties":{"sid":892,"lb_mm":0,"exact":0,"gw_mm":90999,"detail_id":892},"geometry":{"type":"LineString","coordinates":[[-87.68981733048122,41.82662222303851],[-87.68984646555597,41.82744123193222]]}},{"type":"Feature","id":893,"properties":{"sid":893,"lb_mm":0,"exact":0,"gw_mm":101332,"detail_id":893},"geometry":{"type":"LineString","coordinates":[[-87.68984646555597,41.82744123193222],[-87.68986784390994,41.82835341855223]]}},{"type":"Feature","id":894,"properties":{"sid":894,"lb_mm":0,"exact":0,"gw_mm":101497,"detail_id":894},"geometry":{"type":"LineString","coordinates":[[-87.68986784390994,41.82835341855223],[-87.68989679894354,41.82926697458409]]}},{"type":"Feature","id":895,"properties":{"sid":895,"lb_mm":0,"exact":0,"gw_mm":101550,"detail_id":895},"geometry":{"type":"LineString","coordinates":[[-87.68989679894354,41.82926697458409],[-87.6899264783164,41.83018099280108]]}},{"type":"Feature","id":896,"properties":{"sid":896,"lb_mm":0,"exact":0,"gw_mm":86430,"detail_id":896},"geometry":{"type":"LineString","coordinates":[[-87.69006608002105,41.96676562475946],[-87.6890234750869,41.96677385296706]]}},{"type":"Feature","id":897,"properties":{"sid":897,"lb_mm":0,"exact":0,"gw_mm":28827,"detail_id":897},"geometry":{"type":"LineString","coordinates":[[-87.69020251389519,41.928245293196035],[-87.69021182107129,41.9285047387846]]}},{"type":"Feature","id":898,"properties":{"sid":898,"lb_mm":0,"exact":0,"gw_mm":21296,"detail_id":898},"geometry":{"type":"LineString","coordinates":[[-87.69067896521788,41.92851994733762],[-87.69068097254642,41.92871167210913]]}},{"type":"Feature","id":899,"properties":{"sid":899,"lb_mm":0,"exact":0,"gw_mm":2076,"detail_id":899},"geometry":{"type":"LineString","coordinates":[[-87.69068097254642,41.92871167210913],[-87.6906831741059,41.92873028983464]]}},{"type":"Feature","id":900,"properties":{"sid":900,"lb_mm":0,"exact":0,"gw_mm":4971,"detail_id":900},"geometry":{"type":"LineString","coordinates":[[-87.6906831741059,41.92873028983464],[-87.69072585533132,41.928761702780996]]}},{"type":"Feature","id":901,"properties":{"sid":901,"lb_mm":0,"exact":0,"gw_mm":2231,"detail_id":901},"geometry":{"type":"LineString","coordinates":[[-87.69072585533132,41.928761702780996],[-87.69075266505668,41.92876333477232]]}},{"type":"Feature","id":902,"properties":{"sid":902,"lb_mm":0,"exact":0,"gw_mm":158218,"detail_id":902},"geometry":{"type":"LineString","coordinates":[[-87.69075266505668,41.92876333477232],[-87.69266005257079,41.92874506032338]]}},{"type":"Feature","id":903,"properties":{"sid":903,"lb_mm":0,"exact":0,"gw_mm":101926,"detail_id":903},"geometry":{"type":"LineString","coordinates":[[-87.69098836174645,41.994070457516415],[-87.68975839899952,41.99408500966573]]}},{"type":"Feature","id":904,"properties":{"sid":904,"lb_mm":0,"exact":0,"gw_mm":134785,"detail_id":904},"geometry":{"type":"LineString","coordinates":[[-87.69123163905151,41.818550861102224],[-87.68960948815983,41.818563304786736]]}},{"type":"Feature","id":905,"properties":{"sid":905,"lb_mm":0,"exact":0,"gw_mm":101415,"detail_id":905},"geometry":{"type":"LineString","coordinates":[[-87.6912894482486,41.96675593574697],[-87.69006608002105,41.96676562475946]]}},{"type":"Feature","id":906,"properties":{"sid":906,"lb_mm":0,"exact":0,"gw_mm":212850,"detail_id":906},"geometry":{"type":"LineString","coordinates":[[-87.69137653493117,41.97298138463996],[-87.69394389430332,41.97293874677488]]}},{"type":"Feature","id":907,"properties":{"sid":907,"lb_mm":0,"exact":0,"gw_mm":100803,"detail_id":907},"geometry":{"type":"LineString","coordinates":[[-87.69220477751719,41.99405616675232],[-87.69098836174645,41.994070457516415]]}},{"type":"Feature","id":908,"properties":{"sid":908,"lb_mm":0,"exact":0,"gw_mm":304515,"detail_id":908},"geometry":{"type":"LineString","coordinates":[[-87.69240349426984,41.96310748433146],[-87.68873029395239,41.96313144213491]]}},{"type":"Feature","id":909,"properties":{"sid":909,"lb_mm":0,"exact":0,"gw_mm":101622,"detail_id":909},"geometry":{"type":"LineString","coordinates":[[-87.69251531137415,41.96674608286239],[-87.6912894482486,41.96675593574697]]}},{"type":"Feature","id":910,"properties":{"sid":910,"lb_mm":0,"exact":0,"gw_mm":375462,"detail_id":910},"geometry":{"type":"LineString","coordinates":[[-87.69252240269765,41.924846605045396],[-87.69264292356515,41.928225756457]]}},{"type":"Feature","id":911,"properties":{"sid":911,"lb_mm":0,"exact":0,"gw_mm":202428,"detail_id":911},"geometry":{"type":"LineString","coordinates":[[-87.69264292356515,41.928225756457],[-87.69020251389519,41.928245293196035]]}},{"type":"Feature","id":912,"properties":{"sid":912,"lb_mm":0,"exact":0,"gw_mm":57698,"detail_id":912},"geometry":{"type":"LineString","coordinates":[[-87.69266005257079,41.92874506032338],[-87.69264292356515,41.928225756457]]}},{"type":"Feature","id":913,"properties":{"sid":913,"lb_mm":0,"exact":0,"gw_mm":531798,"detail_id":913},"geometry":{"type":"LineString","coordinates":[[-87.69270653390757,41.920057437589286],[-87.69283730618444,41.9248443204624]]}},{"type":"Feature","id":914,"properties":{"sid":914,"lb_mm":0,"exact":0,"gw_mm":432328,"detail_id":914},"geometry":{"type":"LineString","coordinates":[[-87.69277250225973,41.922423277159595],[-87.68756089572243,41.92245948705935]]}},{"type":"Feature","id":915,"properties":{"sid":915,"lb_mm":0,"exact":0,"gw_mm":26122,"detail_id":915},"geometry":{"type":"LineString","coordinates":[[-87.69283730618444,41.9248443204624],[-87.69252240269765,41.924846605045396]]}},{"type":"Feature","id":916,"properties":{"sid":916,"lb_mm":0,"exact":0,"gw_mm":100992,"detail_id":916},"geometry":{"type":"LineString","coordinates":[[-87.69342344697954,41.99404033790618],[-87.69220477751719,41.99405616675232]]}},{"type":"Feature","id":917,"properties":{"sid":917,"lb_mm":0,"exact":0,"gw_mm":101634,"detail_id":917},"geometry":{"type":"LineString","coordinates":[[-87.69374132058904,41.966736786707756],[-87.69251531137415,41.96674608286239]]}},{"type":"Feature","id":918,"properties":{"sid":918,"lb_mm":0,"exact":0,"gw_mm":202977,"detail_id":918},"geometry":{"type":"LineString","coordinates":[[-87.69374132058904,41.966736786707756],[-87.69379187672921,41.96856382679843]]}},{"type":"Feature","id":919,"properties":{"sid":919,"lb_mm":0,"exact":0,"gw_mm":121741,"detail_id":919},"geometry":{"type":"LineString","coordinates":[[-87.69379187672921,41.96856382679843],[-87.69382844910807,41.969659535039554]]}},{"type":"Feature","id":920,"properties":{"sid":920,"lb_mm":0,"exact":0,"gw_mm":121557,"detail_id":920},"geometry":{"type":"LineString","coordinates":[[-87.69382844910807,41.969659535039554],[-87.69386709290488,41.97075354307881]]}},{"type":"Feature","id":921,"properties":{"sid":921,"lb_mm":0,"exact":0,"gw_mm":325963,"detail_id":921},"geometry":{"type":"LineString","coordinates":[[-87.69386709290488,41.97075354307881],[-87.68993500806833,41.970798264359495]]}},{"type":"Feature","id":922,"properties":{"sid":922,"lb_mm":0,"exact":0,"gw_mm":121420,"detail_id":922},"geometry":{"type":"LineString","coordinates":[[-87.69386709290488,41.97075354307881],[-87.69390721381302,41.97184629506777]]}},{"type":"Feature","id":923,"properties":{"sid":923,"lb_mm":0,"exact":0,"gw_mm":39850,"detail_id":923},"geometry":{"type":"LineString","coordinates":[[-87.69390721381302,41.97184629506777],[-87.69391945690474,41.972204948352505]]}},{"type":"Feature","id":924,"properties":{"sid":924,"lb_mm":0,"exact":0,"gw_mm":81530,"detail_id":924},"geometry":{"type":"LineString","coordinates":[[-87.69394389430332,41.97293874677488],[-87.69391945690474,41.972204948352505]]}},{"type":"Feature","id":925,"properties":{"sid":925,"lb_mm":0,"exact":0,"gw_mm":100807,"detail_id":925},"geometry":{"type":"LineString","coordinates":[[-87.69463992298135,41.99402667710542],[-87.69342344697954,41.99404033790618]]}},{"type":"Feature","id":926,"properties":{"sid":926,"lb_mm":0,"exact":0,"gw_mm":100994,"detail_id":926},"geometry":{"type":"LineString","coordinates":[[-87.69495962552293,41.96672906061177],[-87.69374132058904,41.966736786707756]]}},{"type":"Feature","id":927,"properties":{"sid":927,"lb_mm":0,"exact":0,"gw_mm":88995,"detail_id":927},"geometry":{"type":"LineString","coordinates":[[-87.69499310076651,41.972196996048076],[-87.69391945690474,41.972204948352505]]}},{"type":"Feature","id":928,"properties":{"sid":928,"lb_mm":0,"exact":0,"gw_mm":12148,"detail_id":928},"geometry":{"type":"LineString","coordinates":[[-87.69513965568098,41.972195971482726],[-87.69499310076651,41.972196996048076]]}},{"type":"Feature","id":929,"properties":{"sid":929,"lb_mm":0,"exact":0,"gw_mm":100978,"detail_id":929},"geometry":{"type":"LineString","coordinates":[[-87.6958584693657,41.99401339574595],[-87.69463992298135,41.99402667710542]]}},{"type":"Feature","id":930,"properties":{"sid":930,"lb_mm":0,"exact":0,"gw_mm":101497,"detail_id":930},"geometry":{"type":"LineString","coordinates":[[-87.6961839468906,41.96671729269494],[-87.69495962552293,41.96672906061177]]}},{"type":"Feature","id":931,"properties":{"sid":931,"lb_mm":0,"exact":0,"gw_mm":101368,"detail_id":931},"geometry":{"type":"LineString","coordinates":[[-87.69636255274001,41.972186299759876],[-87.69513965568098,41.972195971482726]]}},{"type":"Feature","id":932,"properties":{"sid":932,"lb_mm":0,"exact":0,"gw_mm":100816,"detail_id":932},"geometry":{"type":"LineString","coordinates":[[-87.69707503420759,41.99399883631513],[-87.6958584693657,41.99401339574595]]}},{"type":"Feature","id":933,"properties":{"sid":933,"lb_mm":0,"exact":0,"gw_mm":101289,"detail_id":933},"geometry":{"type":"LineString","coordinates":[[-87.6972363318791,41.96124930012599],[-87.69726366518086,41.96216099151976]]}},{"type":"Feature","id":934,"properties":{"sid":934,"lb_mm":0,"exact":0,"gw_mm":29422,"detail_id":934},"geometry":{"type":"LineString","coordinates":[[-87.69726366518086,41.96216099151976],[-87.69727364228487,41.96242577952524]]}},{"type":"Feature","id":935,"properties":{"sid":935,"lb_mm":0,"exact":0,"gw_mm":89120,"detail_id":935},"geometry":{"type":"LineString","coordinates":[[-87.69727364228487,41.96242577952524],[-87.69791041100747,41.96307223951917]]}},{"type":"Feature","id":936,"properties":{"sid":936,"lb_mm":0,"exact":0,"gw_mm":106713,"detail_id":936},"geometry":{"type":"LineString","coordinates":[[-87.69764994857466,41.97217695596405],[-87.69636255274001,41.972186299759876]]}},{"type":"Feature","id":937,"properties":{"sid":937,"lb_mm":0,"exact":0,"gw_mm":117008,"detail_id":937},"geometry":{"type":"LineString","coordinates":[[-87.69791041100747,41.96307223951917],[-87.69875764339501,41.963914794114444]]}},{"type":"Feature","id":938,"properties":{"sid":938,"lb_mm":0,"exact":0,"gw_mm":148767,"detail_id":938},"geometry":{"type":"LineString","coordinates":[[-87.6979784997388,41.966702248690915],[-87.6961839468906,41.96671729269494]]}},{"type":"Feature","id":939,"properties":{"sid":939,"lb_mm":0,"exact":0,"gw_mm":101017,"detail_id":939},"geometry":{"type":"LineString","coordinates":[[-87.69829404511717,41.99398498427543],[-87.69707503420759,41.99399883631513]]}},{"type":"Feature","id":940,"properties":{"sid":940,"lb_mm":0,"exact":0,"gw_mm":118364,"detail_id":940},"geometry":{"type":"LineString","coordinates":[[-87.69875764339501,41.963914794114444],[-87.69962844441017,41.96475932173607]]}},{"type":"Feature","id":941,"properties":{"sid":941,"lb_mm":0,"exact":0,"gw_mm":95569,"detail_id":941},"geometry":{"type":"LineString","coordinates":[[-87.69880289613478,41.97216817276993],[-87.69764994857466,41.97217695596405]]}},{"type":"Feature","id":942,"properties":{"sid":942,"lb_mm":0,"exact":0,"gw_mm":125449,"detail_id":942},"geometry":{"type":"LineString","coordinates":[[-87.69888671233666,41.967605694507284],[-87.6979784997388,41.966702248690915]]}},{"type":"Feature","id":943,"properties":{"sid":943,"lb_mm":0,"exact":0,"gw_mm":58338,"detail_id":943},"geometry":{"type":"LineString","coordinates":[[-87.69931204624254,41.968024149819726],[-87.69888671233666,41.967605694507284]]}},{"type":"Feature","id":944,"properties":{"sid":944,"lb_mm":0,"exact":0,"gw_mm":5893,"detail_id":944},"geometry":{"type":"LineString","coordinates":[[-87.69934677812955,41.968070444727914],[-87.69931204624254,41.968024149819726]]}},{"type":"Feature","id":945,"properties":{"sid":945,"lb_mm":0,"exact":0,"gw_mm":12227,"detail_id":945},"geometry":{"type":"LineString","coordinates":[[-87.69935951613618,41.96818011831257],[-87.69934677812955,41.968070444727914]]}},{"type":"Feature","id":946,"properties":{"sid":946,"lb_mm":0,"exact":0,"gw_mm":4321,"detail_id":946},"geometry":{"type":"LineString","coordinates":[[-87.69936067472288,41.968219009880634],[-87.69935951613618,41.96818011831257]]}},{"type":"Feature","id":947,"properties":{"sid":947,"lb_mm":0,"exact":0,"gw_mm":33403,"detail_id":947},"geometry":{"type":"LineString","coordinates":[[-87.69936979161433,41.96851966175861],[-87.69936067472288,41.968219009880634]]}},{"type":"Feature","id":948,"properties":{"sid":948,"lb_mm":0,"exact":0,"gw_mm":27516,"detail_id":948},"geometry":{"type":"LineString","coordinates":[[-87.69943530498897,41.8482117881546],[-87.69976644465912,41.848203516997]]}},{"type":"Feature","id":949,"properties":{"sid":949,"lb_mm":0,"exact":0,"gw_mm":100788,"detail_id":949},"geometry":{"type":"LineString","coordinates":[[-87.69951026658889,41.993970017196034],[-87.69829404511717,41.99398498427543]]}},{"type":"Feature","id":950,"properties":{"sid":950,"lb_mm":0,"exact":0,"gw_mm":101351,"detail_id":950},"geometry":{"type":"LineString","coordinates":[[-87.69962600407833,41.95939541612337],[-87.69840351220408,41.95940086484213]]}},{"type":"Feature","id":951,"properties":{"sid":951,"lb_mm":0,"exact":0,"gw_mm":121217,"detail_id":951},"geometry":{"type":"LineString","coordinates":[[-87.69962844441017,41.96475932173607],[-87.70049862790498,41.96563637802819]]}},{"type":"Feature","id":952,"properties":{"sid":952,"lb_mm":0,"exact":0,"gw_mm":39616,"detail_id":952},"geometry":{"type":"LineString","coordinates":[[-87.69976644465912,41.848203516997],[-87.70024338857888,41.848197018339775]]}},{"type":"Feature","id":953,"properties":{"sid":953,"lb_mm":0,"exact":0,"gw_mm":101314,"detail_id":953},"geometry":{"type":"LineString","coordinates":[[-87.7000250903569,41.972155544683275],[-87.69880289613478,41.97216817276993]]}},{"type":"Feature","id":954,"properties":{"sid":954,"lb_mm":0,"exact":0,"gw_mm":10203,"detail_id":954},"geometry":{"type":"LineString","coordinates":[[-87.7001481813585,41.972155130653285],[-87.7000250903569,41.972155544683275]]}},{"type":"Feature","id":955,"properties":{"sid":955,"lb_mm":0,"exact":0,"gw_mm":101598,"detail_id":955},"geometry":{"type":"LineString","coordinates":[[-87.70024338857888,41.848197018339775],[-87.70146655960947,41.848180368474004]]}},{"type":"Feature","id":956,"properties":{"sid":956,"lb_mm":0,"exact":0,"gw_mm":14546,"detail_id":956},"geometry":{"type":"LineString","coordinates":[[-87.70032367358081,41.97215606512461],[-87.7001481813585,41.972155130653285]]}},{"type":"Feature","id":957,"properties":{"sid":957,"lb_mm":0,"exact":0,"gw_mm":77171,"detail_id":957},"geometry":{"type":"LineString","coordinates":[[-87.70049862790498,41.96563637802819],[-87.7010579395403,41.966191786947775]]}},{"type":"Feature","id":958,"properties":{"sid":958,"lb_mm":0,"exact":0,"gw_mm":100624,"detail_id":958},"geometry":{"type":"LineString","coordinates":[[-87.70072456130741,41.993957488096946],[-87.69951026658889,41.993970017196034]]}},{"type":"Feature","id":959,"properties":{"sid":959,"lb_mm":0,"exact":0,"gw_mm":101209,"detail_id":959},"geometry":{"type":"LineString","coordinates":[[-87.70084679722443,41.959390593264516],[-87.69962600407833,41.95939541612337]]}},{"type":"Feature","id":960,"properties":{"sid":960,"lb_mm":0,"exact":0,"gw_mm":406696,"detail_id":960},"geometry":{"type":"LineString","coordinates":[[-87.70091826171368,41.871000497691405],[-87.696019877384,41.87105374878734]]}},{"type":"Feature","id":961,"properties":{"sid":961,"lb_mm":0,"exact":0,"gw_mm":67285,"detail_id":961},"geometry":{"type":"LineString","coordinates":[[-87.7010579395403,41.966191786947775],[-87.70154658759532,41.96667549014195]]}},{"type":"Feature","id":962,"properties":{"sid":962,"lb_mm":0,"exact":0,"gw_mm":76414,"detail_id":962},"geometry":{"type":"LineString","coordinates":[[-87.70124554259966,41.97215005159572],[-87.70032367358081,41.97215606512461]]}},{"type":"Feature","id":963,"properties":{"sid":963,"lb_mm":0,"exact":0,"gw_mm":101543,"detail_id":963},"geometry":{"type":"LineString","coordinates":[[-87.70146655960947,41.848180368474004],[-87.70268903899654,41.84816260065774]]}},{"type":"Feature","id":964,"properties":{"sid":964,"lb_mm":0,"exact":0,"gw_mm":30802,"detail_id":964},"geometry":{"type":"LineString","coordinates":[[-87.70154658759532,41.96667549014195],[-87.70176713691608,41.96689867239933]]}},{"type":"Feature","id":965,"properties":{"sid":965,"lb_mm":0,"exact":0,"gw_mm":53797,"detail_id":965},"geometry":{"type":"LineString","coordinates":[[-87.70176713691608,41.96689867239933],[-87.70215738793705,41.96728566573661]]}},{"type":"Feature","id":966,"properties":{"sid":966,"lb_mm":0,"exact":0,"gw_mm":100543,"detail_id":966},"geometry":{"type":"LineString","coordinates":[[-87.7019378271667,41.99394265276843],[-87.70072456130741,41.993957488096946]]}},{"type":"Feature","id":967,"properties":{"sid":967,"lb_mm":0,"exact":0,"gw_mm":304252,"detail_id":967},"geometry":{"type":"LineString","coordinates":[[-87.70201551705196,41.957572169363516],[-87.69834576017671,41.957592385638684]]}},{"type":"Feature","id":968,"properties":{"sid":968,"lb_mm":0,"exact":0,"gw_mm":128706,"detail_id":968},"geometry":{"type":"LineString","coordinates":[[-87.70205115000137,41.958730617849646],[-87.70201551705196,41.957572169363516]]}},{"type":"Feature","id":969,"properties":{"sid":969,"lb_mm":0,"exact":0,"gw_mm":101620,"detail_id":969},"geometry":{"type":"LineString","coordinates":[[-87.70207253455169,41.959384065879334],[-87.70084679722443,41.959390593264516]]}},{"type":"Feature","id":970,"properties":{"sid":970,"lb_mm":0,"exact":0,"gw_mm":40850,"detail_id":970},"geometry":{"type":"LineString","coordinates":[[-87.70215738793705,41.96728566573661],[-87.70245452809584,41.96757906836306]]}},{"type":"Feature","id":971,"properties":{"sid":971,"lb_mm":0,"exact":0,"gw_mm":34964,"detail_id":971},"geometry":{"type":"LineString","coordinates":[[-87.70245452809584,41.96757906836306],[-87.70270954308918,41.96782980275178]]}},{"type":"Feature","id":972,"properties":{"sid":972,"lb_mm":0,"exact":0,"gw_mm":101596,"detail_id":972},"geometry":{"type":"LineString","coordinates":[[-87.70268903899654,41.84816260065774],[-87.70391220948376,41.84814710959548]]}},{"type":"Feature","id":973,"properties":{"sid":973,"lb_mm":0,"exact":0,"gw_mm":20302,"detail_id":973},"geometry":{"type":"LineString","coordinates":[[-87.70270954308918,41.96782980275178],[-87.70284821879487,41.967980459161346]]}},{"type":"Feature","id":974,"properties":{"sid":974,"lb_mm":0,"exact":0,"gw_mm":17293,"detail_id":974},"geometry":{"type":"LineString","coordinates":[[-87.70284821879487,41.967980459161346],[-87.70286361373094,41.96813572247028]]}},{"type":"Feature","id":975,"properties":{"sid":975,"lb_mm":0,"exact":0,"gw_mm":39602,"detail_id":975},"geometry":{"type":"LineString","coordinates":[[-87.70286361373094,41.96813572247028],[-87.70287888974373,41.968492086010755]]}},{"type":"Feature","id":976,"properties":{"sid":976,"lb_mm":0,"exact":0,"gw_mm":44038,"detail_id":976},"geometry":{"type":"LineString","coordinates":[[-87.70302085719345,41.840943415597984],[-87.7024907183346,41.84095005508051]]}},{"type":"Feature","id":977,"properties":{"sid":977,"lb_mm":0,"exact":0,"gw_mm":10943,"detail_id":977},"geometry":{"type":"LineString","coordinates":[[-87.7031502196636,41.84092472383991],[-87.70302085719345,41.840943415597984]]}},{"type":"Feature","id":978,"properties":{"sid":978,"lb_mm":0,"exact":0,"gw_mm":100585,"detail_id":978},"geometry":{"type":"LineString","coordinates":[[-87.70315161454964,41.99392860516499],[-87.7019378271667,41.99394265276843]]}},{"type":"Feature","id":979,"properties":{"sid":979,"lb_mm":0,"exact":0,"gw_mm":127568,"detail_id":979},"geometry":{"type":"LineString","coordinates":[[-87.7032381081861,41.95757033891542],[-87.70327511532096,41.958718516430146]]}},{"type":"Feature","id":980,"properties":{"sid":980,"lb_mm":0,"exact":0,"gw_mm":101481,"detail_id":980},"geometry":{"type":"LineString","coordinates":[[-87.70327511532096,41.958718516430146],[-87.70205115000137,41.958730617849646]]}},{"type":"Feature","id":981,"properties":{"sid":981,"lb_mm":0,"exact":0,"gw_mm":101290,"detail_id":981},"geometry":{"type":"LineString","coordinates":[[-87.7032943102404,41.95938771340234],[-87.70207253455169,41.959384065879334]]}},{"type":"Feature","id":982,"properties":{"sid":982,"lb_mm":0,"exact":0,"gw_mm":12339,"detail_id":982},"geometry":{"type":"LineString","coordinates":[[-87.70329544429423,41.8409013155908],[-87.7031502196636,41.84092472383991]]}},{"type":"Feature","id":983,"properties":{"sid":983,"lb_mm":0,"exact":0,"gw_mm":203519,"detail_id":983},"geometry":{"type":"LineString","coordinates":[[-87.70336950677991,41.8709737964915],[-87.70091826171368,41.871000497691405]]}},{"type":"Feature","id":984,"properties":{"sid":984,"lb_mm":0,"exact":0,"gw_mm":8554,"detail_id":984},"geometry":{"type":"LineString","coordinates":[[-87.70339802713548,41.84089450350144],[-87.70329544429423,41.8409013155908]]}},{"type":"Feature","id":985,"properties":{"sid":985,"lb_mm":0,"exact":0,"gw_mm":182117,"detail_id":985},"geometry":{"type":"LineString","coordinates":[[-87.70344241575998,41.97212263163617],[-87.70124554259966,41.97215005159572]]}},{"type":"Feature","id":986,"properties":{"sid":986,"lb_mm":0,"exact":0,"gw_mm":8753,"detail_id":986},"geometry":{"type":"LineString","coordinates":[[-87.70350329300194,41.84089083294145],[-87.70339802713548,41.84089450350144]]}},{"type":"Feature","id":987,"properties":{"sid":987,"lb_mm":0,"exact":0,"gw_mm":90576,"detail_id":987},"geometry":{"type":"LineString","coordinates":[[-87.7036466375199,41.83906499807296],[-87.70255622061521,41.83907468187359]]}},{"type":"Feature","id":988,"properties":{"sid":988,"lb_mm":0,"exact":0,"gw_mm":36535,"detail_id":988},"geometry":{"type":"LineString","coordinates":[[-87.7036787084568,41.95757666992326],[-87.7032381081861,41.95757033891542]]}},{"type":"Feature","id":989,"properties":{"sid":989,"lb_mm":0,"exact":0,"gw_mm":16093,"detail_id":989},"geometry":{"type":"LineString","coordinates":[[-87.7036970435777,41.8408897082789],[-87.70350329300194,41.84089083294145]]}},{"type":"Feature","id":990,"properties":{"sid":990,"lb_mm":0,"exact":0,"gw_mm":101961,"detail_id":990},"geometry":{"type":"LineString","coordinates":[[-87.70379571838453,41.93387155457675],[-87.70256636442718,41.93387879873833]]}},{"type":"Feature","id":991,"properties":{"sid":991,"lb_mm":0,"exact":0,"gw_mm":102738,"detail_id":991},"geometry":{"type":"LineString","coordinates":[[-87.70384620026657,41.935697346385005],[-87.70260744515058,41.9357041675574]]}},{"type":"Feature","id":992,"properties":{"sid":992,"lb_mm":0,"exact":0,"gw_mm":102185,"detail_id":992},"geometry":{"type":"LineString","coordinates":[[-87.70391220948376,41.84814710959548],[-87.70514249613515,41.84813233859384]]}},{"type":"Feature","id":993,"properties":{"sid":993,"lb_mm":0,"exact":0,"gw_mm":26761,"detail_id":993},"geometry":{"type":"LineString","coordinates":[[-87.70401921004583,41.840886097029895],[-87.7036970435777,41.8408897082789]]}},{"type":"Feature","id":994,"properties":{"sid":994,"lb_mm":0,"exact":0,"gw_mm":1229950,"detail_id":994},"geometry":{"type":"LineString","coordinates":[[-87.70405513567965,41.977600731712116],[-87.68921554867522,41.977699594572684]]}},{"type":"Feature","id":995,"properties":{"sid":995,"lb_mm":0,"exact":0,"gw_mm":86699,"detail_id":995},"geometry":{"type":"LineString","coordinates":[[-87.7041977952032,41.993914886717384],[-87.70315161454964,41.99392860516499]]}},{"type":"Feature","id":996,"properties":{"sid":996,"lb_mm":0,"exact":0,"gw_mm":4178,"detail_id":996},"geometry":{"type":"LineString","coordinates":[[-87.70424800598367,41.993911430047525],[-87.7041977952032,41.993914886717384]]}},{"type":"Feature","id":997,"properties":{"sid":997,"lb_mm":0,"exact":0,"gw_mm":28251,"detail_id":997},"geometry":{"type":"LineString","coordinates":[[-87.70435922159479,41.84087912706483],[-87.70401921004583,41.840886097029895]]}},{"type":"Feature","id":998,"properties":{"sid":998,"lb_mm":0,"exact":0,"gw_mm":64877,"detail_id":998},"geometry":{"type":"LineString","coordinates":[[-87.7044611988528,41.9575699603185],[-87.7036787084568,41.95757666992326]]}},{"type":"Feature","id":999,"properties":{"sid":999,"lb_mm":0,"exact":0,"gw_mm":18176,"detail_id":999},"geometry":{"type":"LineString","coordinates":[[-87.70446431905651,41.99388423975557],[-87.70424800598367,41.993911430047525]]}},{"type":"Feature","id":1000,"properties":{"sid":1000,"lb_mm":0,"exact":0,"gw_mm":101503,"detail_id":1000},"geometry":{"type":"LineString","coordinates":[[-87.70451865680135,41.95938778319329],[-87.7032943102404,41.95938771340234]]}},{"type":"Feature","id":1001,"properties":{"sid":1001,"lb_mm":0,"exact":0,"gw_mm":101495,"detail_id":1001},"geometry":{"type":"LineString","coordinates":[[-87.7048684082676,41.83904882713324],[-87.7036466375199,41.83906499807296]]}},{"type":"Feature","id":1002,"properties":{"sid":1002,"lb_mm":0,"exact":0,"gw_mm":35481,"detail_id":1002},"geometry":{"type":"LineString","coordinates":[[-87.70488914194283,41.957566770188286],[-87.7044611988528,41.9575699603185]]}},{"type":"Feature","id":1003,"properties":{"sid":1003,"lb_mm":0,"exact":0,"gw_mm":46941,"detail_id":1003},"geometry":{"type":"LineString","coordinates":[[-87.70492421749037,41.840868763961716],[-87.70435922159479,41.84087912706483]]}},{"type":"Feature","id":1004,"properties":{"sid":1004,"lb_mm":0,"exact":0,"gw_mm":101701,"detail_id":1004},"geometry":{"type":"LineString","coordinates":[[-87.70502193675942,41.93386483739877],[-87.70379571838453,41.93387155457675]]}},{"type":"Feature","id":1005,"properties":{"sid":1005,"lb_mm":0,"exact":0,"gw_mm":101495,"detail_id":1005},"geometry":{"type":"LineString","coordinates":[[-87.70506996382245,41.93568975096432],[-87.70384620026657,41.935697346385005]]}},{"type":"Feature","id":1006,"properties":{"sid":1006,"lb_mm":0,"exact":0,"gw_mm":7608,"detail_id":1006},"geometry":{"type":"LineString","coordinates":[[-87.70511366492573,41.93386474870102],[-87.70502193675942,41.93386483739877]]}},{"type":"Feature","id":1007,"properties":{"sid":1007,"lb_mm":0,"exact":0,"gw_mm":100897,"detail_id":1007},"geometry":{"type":"LineString","coordinates":[[-87.70514249613515,41.84813233859384],[-87.70635722582034,41.848115716513824]]}},{"type":"Feature","id":1008,"properties":{"sid":1008,"lb_mm":0,"exact":0,"gw_mm":92675,"detail_id":1008},"geometry":{"type":"LineString","coordinates":[[-87.70558271657208,41.9938744929768],[-87.70446431905651,41.99388423975557]]}},{"type":"Feature","id":1009,"properties":{"sid":1009,"lb_mm":0,"exact":0,"gw_mm":65616,"detail_id":1009},"geometry":{"type":"LineString","coordinates":[[-87.7056805171005,41.95755833535872],[-87.70488914194283,41.957566770188286]]}},{"type":"Feature","id":1010,"properties":{"sid":1010,"lb_mm":0,"exact":0,"gw_mm":101160,"detail_id":1010},"geometry":{"type":"LineString","coordinates":[[-87.70573871854788,41.95937362010656],[-87.70451865680135,41.95938778319329]]}},{"type":"Feature","id":1011,"properties":{"sid":1011,"lb_mm":0,"exact":0,"gw_mm":203289,"detail_id":1011},"geometry":{"type":"LineString","coordinates":[[-87.70581805473311,41.87095146241812],[-87.70336950677991,41.8709737964915]]}},{"type":"Feature","id":1012,"properties":{"sid":1012,"lb_mm":0,"exact":0,"gw_mm":101260,"detail_id":1012},"geometry":{"type":"LineString","coordinates":[[-87.70608714366405,41.83902558049332],[-87.7048684082676,41.83904882713324]]}},{"type":"Feature","id":1013,"properties":{"sid":1013,"lb_mm":0,"exact":0,"gw_mm":35959,"detail_id":1013},"geometry":{"type":"LineString","coordinates":[[-87.70611419087763,41.957553166055924],[-87.7056805171005,41.95755833535872]]}},{"type":"Feature","id":1014,"properties":{"sid":1014,"lb_mm":0,"exact":0,"gw_mm":101235,"detail_id":1014},"geometry":{"type":"LineString","coordinates":[[-87.7061428140566,41.84084970714628],[-87.70492421749037,41.840868763961716]]}},{"type":"Feature","id":1015,"properties":{"sid":1015,"lb_mm":0,"exact":0,"gw_mm":93756,"detail_id":1015},"geometry":{"type":"LineString","coordinates":[[-87.70624407082327,41.933857152071326],[-87.70511366492573,41.93386474870102]]}},{"type":"Feature","id":1016,"properties":{"sid":1016,"lb_mm":0,"exact":0,"gw_mm":101493,"detail_id":1016},"geometry":{"type":"LineString","coordinates":[[-87.7062937067989,41.93568275281229],[-87.70506996382245,41.93568975096432]]}},{"type":"Feature","id":1017,"properties":{"sid":1017,"lb_mm":0,"exact":0,"gw_mm":64548,"detail_id":1017},"geometry":{"type":"LineString","coordinates":[[-87.70635722582034,41.848115716513824],[-87.70713436163062,41.848106090828956]]}},{"type":"Feature","id":1018,"properties":{"sid":1018,"lb_mm":0,"exact":0,"gw_mm":44465,"detail_id":1018},"geometry":{"type":"LineString","coordinates":[[-87.70665051580282,41.957551168240606],[-87.70611419087763,41.957553166055924]]}},{"type":"Feature","id":1019,"properties":{"sid":1019,"lb_mm":0,"exact":0,"gw_mm":100322,"detail_id":1019},"geometry":{"type":"LineString","coordinates":[[-87.70679339327845,41.99386361481042],[-87.70558271657208,41.9938744929768]]}},{"type":"Feature","id":1020,"properties":{"sid":1020,"lb_mm":0,"exact":0,"gw_mm":59659,"detail_id":1020},"geometry":{"type":"LineString","coordinates":[[-87.7069002163981,41.973924928400244],[-87.70618043740029,41.973927227919354]]}},{"type":"Feature","id":1021,"properties":{"sid":1021,"lb_mm":0,"exact":0,"gw_mm":101368,"detail_id":1021},"geometry":{"type":"LineString","coordinates":[[-87.70696129484695,41.95935969905964],[-87.70573871854788,41.95937362010656]]}},{"type":"Feature","id":1022,"properties":{"sid":1022,"lb_mm":0,"exact":0,"gw_mm":28944,"detail_id":1022},"geometry":{"type":"LineString","coordinates":[[-87.7069996359444,41.9575519704827],[-87.70665051580282,41.957551168240606]]}},{"type":"Feature","id":1023,"properties":{"sid":1023,"lb_mm":0,"exact":0,"gw_mm":37070,"detail_id":1023},"geometry":{"type":"LineString","coordinates":[[-87.70713436163062,41.848106090828956],[-87.70758069777649,41.84810223271035]]}},{"type":"Feature","id":1024,"properties":{"sid":1024,"lb_mm":0,"exact":0,"gw_mm":101833,"detail_id":1024},"geometry":{"type":"LineString","coordinates":[[-87.70731286320307,41.839004856551774],[-87.70608714366405,41.83902558049332]]}},{"type":"Feature","id":1025,"properties":{"sid":1025,"lb_mm":0,"exact":0,"gw_mm":91712,"detail_id":1025},"geometry":{"type":"LineString","coordinates":[[-87.70734982673893,41.93384909390612],[-87.70624407082327,41.933857152071326]]}},{"type":"Feature","id":1026,"properties":{"sid":1026,"lb_mm":0,"exact":0,"gw_mm":101065,"detail_id":1026},"geometry":{"type":"LineString","coordinates":[[-87.70735931575594,41.8408290845869],[-87.7061428140566,41.84084970714628]]}},{"type":"Feature","id":1027,"properties":{"sid":1027,"lb_mm":0,"exact":0,"gw_mm":41540,"detail_id":1027},"geometry":{"type":"LineString","coordinates":[[-87.7074013763054,41.973921780126766],[-87.7069002163981,41.973924928400244]]}},{"type":"Feature","id":1028,"properties":{"sid":1028,"lb_mm":0,"exact":0,"gw_mm":93704,"detail_id":1028},"geometry":{"type":"LineString","coordinates":[[-87.70742356741135,41.93568178519546],[-87.7062937067989,41.93568275281229]]}},{"type":"Feature","id":1029,"properties":{"sid":1029,"lb_mm":0,"exact":0,"gw_mm":10194,"detail_id":1029},"geometry":{"type":"LineString","coordinates":[[-87.70747006398246,41.933868119777436],[-87.70734982673893,41.93384909390612]]}},{"type":"Feature","id":1030,"properties":{"sid":1030,"lb_mm":0,"exact":0,"gw_mm":8305,"detail_id":1030},"geometry":{"type":"LineString","coordinates":[[-87.70752300428913,41.93569059227711],[-87.70742356741135,41.93568178519546]]}},{"type":"Feature","id":1031,"properties":{"sid":1031,"lb_mm":0,"exact":0,"gw_mm":100728,"detail_id":1031},"geometry":{"type":"LineString","coordinates":[[-87.70758069777649,41.84810223271035],[-87.70879335364242,41.848084035769894]]}},{"type":"Feature","id":1032,"properties":{"sid":1032,"lb_mm":0,"exact":0,"gw_mm":15759,"detail_id":1032},"geometry":{"type":"LineString","coordinates":[[-87.7075915039021,41.97392159125532],[-87.7074013763054,41.973921780126766]]}},{"type":"Feature","id":1033,"properties":{"sid":1033,"lb_mm":0,"exact":0,"gw_mm":52308,"detail_id":1033},"geometry":{"type":"LineString","coordinates":[[-87.70763051503208,41.957545970533786],[-87.7069996359444,41.9575519704827]]}},{"type":"Feature","id":1034,"properties":{"sid":1034,"lb_mm":0,"exact":0,"gw_mm":14031,"detail_id":1034},"geometry":{"type":"LineString","coordinates":[[-87.7076910062659,41.93570547111507],[-87.70752300428913,41.93569059227711]]}},{"type":"Feature","id":1035,"properties":{"sid":1035,"lb_mm":0,"exact":0,"gw_mm":15528,"detail_id":1035},"geometry":{"type":"LineString","coordinates":[[-87.70787816040547,41.93570155334127],[-87.7076910062659,41.93570547111507]]}},{"type":"Feature","id":1036,"properties":{"sid":1036,"lb_mm":0,"exact":0,"gw_mm":24167,"detail_id":1036},"geometry":{"type":"LineString","coordinates":[[-87.70788302039888,41.97391730790093],[-87.7075915039021,41.97392159125532]]}},{"type":"Feature","id":1037,"properties":{"sid":1037,"lb_mm":0,"exact":0,"gw_mm":100654,"detail_id":1037},"geometry":{"type":"LineString","coordinates":[[-87.70800806700099,41.99385247374924],[-87.70679339327845,41.99386361481042]]}},{"type":"Feature","id":1038,"properties":{"sid":1038,"lb_mm":0,"exact":0,"gw_mm":21007,"detail_id":1038},"geometry":{"type":"LineString","coordinates":[[-87.70813641208554,41.97391326815328],[-87.70788302039888,41.97391730790093]]}},{"type":"Feature","id":1039,"properties":{"sid":1039,"lb_mm":0,"exact":0,"gw_mm":101316,"detail_id":1039},"geometry":{"type":"LineString","coordinates":[[-87.70818338426204,41.95935654198709],[-87.70696129484695,41.95935969905964]]}},{"type":"Feature","id":1040,"properties":{"sid":1040,"lb_mm":0,"exact":0,"gw_mm":202409,"detail_id":1040},"geometry":{"type":"LineString","coordinates":[[-87.70825595145823,41.87092603262245],[-87.70581805473311,41.87095146241812]]}},{"type":"Feature","id":1041,"properties":{"sid":1041,"lb_mm":0,"exact":0,"gw_mm":66092,"detail_id":1041},"geometry":{"type":"LineString","coordinates":[[-87.70842770633115,41.957545152649345],[-87.70763051503208,41.957545970533786]]}},{"type":"Feature","id":1042,"properties":{"sid":1042,"lb_mm":0,"exact":0,"gw_mm":101344,"detail_id":1042},"geometry":{"type":"LineString","coordinates":[[-87.70853270262714,41.838984660162836],[-87.70731286320307,41.839004856551774]]}},{"type":"Feature","id":1043,"properties":{"sid":1043,"lb_mm":0,"exact":0,"gw_mm":101863,"detail_id":1043},"geometry":{"type":"LineString","coordinates":[[-87.70858543242532,41.84080853925463],[-87.70735931575594,41.8408290845869]]}},{"type":"Feature","id":1044,"properties":{"sid":1044,"lb_mm":0,"exact":0,"gw_mm":40379,"detail_id":1044},"geometry":{"type":"LineString","coordinates":[[-87.7086235493582,41.973909165759984],[-87.70813641208554,41.97391326815328]]}},{"type":"Feature","id":1045,"properties":{"sid":1045,"lb_mm":0,"exact":0,"gw_mm":70851,"detail_id":1045},"geometry":{"type":"LineString","coordinates":[[-87.70873230370705,41.935689310961315],[-87.70787816040547,41.93570155334127]]}},{"type":"Feature","id":1046,"properties":{"sid":1046,"lb_mm":0,"exact":0,"gw_mm":101296,"detail_id":1046},"geometry":{"type":"LineString","coordinates":[[-87.70879335364242,41.848084035769894],[-87.71001292737925,41.84806911832183]]}},{"type":"Feature","id":1047,"properties":{"sid":1047,"lb_mm":0,"exact":0,"gw_mm":101565,"detail_id":1047},"geometry":{"type":"LineString","coordinates":[[-87.7092337301659,41.9938409780358],[-87.70800806700099,41.99385247374924]]}},{"type":"Feature","id":1048,"properties":{"sid":1048,"lb_mm":0,"exact":0,"gw_mm":76425,"detail_id":1048},"geometry":{"type":"LineString","coordinates":[[-87.70934935895647,41.95753187623285],[-87.70842770633115,41.957545152649345]]}},{"type":"Feature","id":1049,"properties":{"sid":1049,"lb_mm":0,"exact":0,"gw_mm":101465,"detail_id":1049},"geometry":{"type":"LineString","coordinates":[[-87.70940718797578,41.959345315167546],[-87.70818338426204,41.95935654198709]]}},{"type":"Feature","id":1050,"properties":{"sid":1050,"lb_mm":0,"exact":0,"gw_mm":101411,"detail_id":1050},"geometry":{"type":"LineString","coordinates":[[-87.70975330883383,41.838963039631764],[-87.70853270262714,41.838984660162836]]}},{"type":"Feature","id":1051,"properties":{"sid":1051,"lb_mm":0,"exact":0,"gw_mm":101351,"detail_id":1051},"geometry":{"type":"LineString","coordinates":[[-87.70980545306288,41.840790407488726],[-87.70858543242532,41.84080853925463]]}},{"type":"Feature","id":1052,"properties":{"sid":1052,"lb_mm":0,"exact":0,"gw_mm":101124,"detail_id":1052},"geometry":{"type":"LineString","coordinates":[[-87.70984352215984,41.97389856297112],[-87.7086235493582,41.973909165759984]]}},{"type":"Feature","id":1053,"properties":{"sid":1053,"lb_mm":0,"exact":0,"gw_mm":100839,"detail_id":1053},"geometry":{"type":"LineString","coordinates":[[-87.70994801717563,41.93567362298975],[-87.70873230370705,41.935689310961315]]}},{"type":"Feature","id":1054,"properties":{"sid":1054,"lb_mm":0,"exact":0,"gw_mm":101059,"detail_id":1054},"geometry":{"type":"LineString","coordinates":[[-87.71001292737925,41.84806911832183],[-87.71122964001064,41.84805402566828]]}},{"type":"Feature","id":1055,"properties":{"sid":1055,"lb_mm":0,"exact":0,"gw_mm":48774,"detail_id":1055},"geometry":{"type":"LineString","coordinates":[[-87.71043188351447,41.97389077106998],[-87.70984352215984,41.97389856297112]]}},{"type":"Feature","id":1056,"properties":{"sid":1056,"lb_mm":0,"exact":0,"gw_mm":94755,"detail_id":1056},"geometry":{"type":"LineString","coordinates":[[-87.71049212813963,41.95751767822278],[-87.70934935895647,41.95753187623285]]}},{"type":"Feature","id":1057,"properties":{"sid":1057,"lb_mm":0,"exact":0,"gw_mm":16194,"detail_id":1057},"geometry":{"type":"LineString","coordinates":[[-87.71062707380725,41.973884365371205],[-87.71043188351447,41.97389077106998]]}},{"type":"Feature","id":1058,"properties":{"sid":1058,"lb_mm":0,"exact":0,"gw_mm":101426,"detail_id":1058},"geometry":{"type":"LineString","coordinates":[[-87.71063055953208,41.959337053948516],[-87.70940718797578,41.959345315167546]]}},{"type":"Feature","id":1059,"properties":{"sid":1059,"lb_mm":0,"exact":0,"gw_mm":12855,"detail_id":1059},"geometry":{"type":"LineString","coordinates":[[-87.71064557191211,41.95753434466319],[-87.71049212813963,41.95751767822278]]}},{"type":"Feature","id":1060,"properties":{"sid":1060,"lb_mm":0,"exact":0,"gw_mm":6338,"detail_id":1060},"geometry":{"type":"LineString","coordinates":[[-87.71070279643419,41.97387640663671],[-87.71062707380725,41.973884365371205]]}},{"type":"Feature","id":1061,"properties":{"sid":1061,"lb_mm":0,"exact":0,"gw_mm":11697,"detail_id":1061},"geometry":{"type":"LineString","coordinates":[[-87.7108289155395,41.97382914904377],[-87.71070279643419,41.97387640663671]]}},{"type":"Feature","id":1062,"properties":{"sid":1062,"lb_mm":0,"exact":0,"gw_mm":9706,"detail_id":1062},"geometry":{"type":"LineString","coordinates":[[-87.7109142967152,41.973769344967934],[-87.7108289155395,41.97382914904377]]}},{"type":"Feature","id":1063,"properties":{"sid":1063,"lb_mm":0,"exact":0,"gw_mm":101433,"detail_id":1063},"geometry":{"type":"LineString","coordinates":[[-87.71097422595638,41.83894304734596],[-87.70975330883383,41.838963039631764]]}},{"type":"Feature","id":1064,"properties":{"sid":1064,"lb_mm":0,"exact":0,"gw_mm":101297,"detail_id":1064},"geometry":{"type":"LineString","coordinates":[[-87.71102477393254,41.840770492487145],[-87.70980545306288,41.840790407488726]]}},{"type":"Feature","id":1065,"properties":{"sid":1065,"lb_mm":0,"exact":0,"gw_mm":100695,"detail_id":1065},"geometry":{"type":"LineString","coordinates":[[-87.71116199760355,41.93565815674328],[-87.70994801717563,41.93567362298975]]}},{"type":"Feature","id":1066,"properties":{"sid":1066,"lb_mm":0,"exact":0,"gw_mm":85791,"detail_id":1066},"geometry":{"type":"LineString","coordinates":[[-87.71122964001064,41.84805402566828],[-87.71226252737122,41.848040948708935]]}},{"type":"Feature","id":1067,"properties":{"sid":1067,"lb_mm":0,"exact":0,"gw_mm":61014,"detail_id":1067},"geometry":{"type":"LineString","coordinates":[[-87.71138149793103,41.957531222949754],[-87.71064557191211,41.95753434466319]]}},{"type":"Feature","id":1068,"properties":{"sid":1068,"lb_mm":0,"exact":0,"gw_mm":73440,"detail_id":1068},"geometry":{"type":"LineString","coordinates":[[-87.71204739514594,41.93564716646376],[-87.71116199760355,41.93565815674328]]}},{"type":"Feature","id":1069,"properties":{"sid":1069,"lb_mm":0,"exact":0,"gw_mm":101392,"detail_id":1069},"geometry":{"type":"LineString","coordinates":[[-87.71219459930573,41.8389215661691],[-87.71097422595638,41.83894304734596]]}},{"type":"Feature","id":1070,"properties":{"sid":1070,"lb_mm":0,"exact":0,"gw_mm":101577,"detail_id":1070},"geometry":{"type":"LineString","coordinates":[[-87.71224747693694,41.84075087003882],[-87.71102477393254,41.840770492487145]]}},{"type":"Feature","id":1071,"properties":{"sid":1071,"lb_mm":0,"exact":0,"gw_mm":15478,"detail_id":1071},"geometry":{"type":"LineString","coordinates":[[-87.71226252737122,41.848040948708935],[-87.71244885946129,41.848044130477895]]}},{"type":"Feature","id":1072,"properties":{"sid":1072,"lb_mm":0,"exact":0,"gw_mm":26951,"detail_id":1072},"geometry":{"type":"LineString","coordinates":[[-87.71237234109508,41.935644523480676],[-87.71204739514594,41.93564716646376]]}},{"type":"Feature","id":1073,"properties":{"sid":1073,"lb_mm":0,"exact":0,"gw_mm":14603,"detail_id":1073},"geometry":{"type":"LineString","coordinates":[[-87.71244885946129,41.848044130477895],[-87.71262464855548,41.8480471325203]]}},{"type":"Feature","id":1074,"properties":{"sid":1074,"lb_mm":0,"exact":0,"gw_mm":86749,"detail_id":1074},"geometry":{"type":"LineString","coordinates":[[-87.71262464855548,41.8480471325203],[-87.71366913038567,41.848036794005345]]}},{"type":"Feature","id":1075,"properties":{"sid":1075,"lb_mm":0,"exact":0,"gw_mm":116483,"detail_id":1075},"geometry":{"type":"LineString","coordinates":[[-87.71278631980053,41.95751412954767],[-87.71138149793103,41.957531222949754]]}},{"type":"Feature","id":1076,"properties":{"sid":1076,"lb_mm":0,"exact":0,"gw_mm":12333,"detail_id":1076},"geometry":{"type":"LineString","coordinates":[[-87.71293467483937,41.95750595773131],[-87.71278631980053,41.95751412954767]]}},{"type":"Feature","id":1077,"properties":{"sid":1077,"lb_mm":0,"exact":0,"gw_mm":7379,"detail_id":1077},"geometry":{"type":"LineString","coordinates":[[-87.713020423357,41.957488144365655],[-87.71293467483937,41.95750595773131]]}},{"type":"Feature","id":1078,"properties":{"sid":1078,"lb_mm":0,"exact":0,"gw_mm":3346,"detail_id":1078},"geometry":{"type":"LineString","coordinates":[[-87.71305930302618,41.95748006778954],[-87.713020423357,41.957488144365655]]}},{"type":"Feature","id":1079,"properties":{"sid":1079,"lb_mm":0,"exact":0,"gw_mm":203067,"detail_id":1079},"geometry":{"type":"LineString","coordinates":[[-87.71307965515369,41.95930672646092],[-87.71063055953208,41.959337053948516]]}},{"type":"Feature","id":1080,"properties":{"sid":1080,"lb_mm":0,"exact":0,"gw_mm":24911,"detail_id":1080},"geometry":{"type":"LineString","coordinates":[[-87.71335976175682,41.957482513582235],[-87.71305930302618,41.95748006778954]]}},{"type":"Feature","id":1081,"properties":{"sid":1081,"lb_mm":0,"exact":0,"gw_mm":101261,"detail_id":1081},"geometry":{"type":"LineString","coordinates":[[-87.71341342076134,41.83890062366419],[-87.71219459930573,41.8389215661691]]}},{"type":"Feature","id":1082,"properties":{"sid":1082,"lb_mm":0,"exact":0,"gw_mm":101250,"detail_id":1082},"geometry":{"type":"LineString","coordinates":[[-87.71346624894275,41.840731536582226],[-87.71224747693694,41.84075087003882]]}},{"type":"Feature","id":1083,"properties":{"sid":1083,"lb_mm":0,"exact":0,"gw_mm":101267,"detail_id":1083},"geometry":{"type":"LineString","coordinates":[[-87.71366913038567,41.848036794005345],[-87.71488841564393,41.84802512569629]]}},{"type":"Feature","id":1084,"properties":{"sid":1084,"lb_mm":0,"exact":0,"gw_mm":73291,"detail_id":1084},"geometry":{"type":"LineString","coordinates":[[-87.71424363717234,41.95747041278381],[-87.71335976175682,41.957482513582235]]}},{"type":"Feature","id":1085,"properties":{"sid":1085,"lb_mm":0,"exact":0,"gw_mm":101370,"detail_id":1085},"geometry":{"type":"LineString","coordinates":[[-87.71430215288747,41.95928830618719],[-87.71307965515369,41.95930672646092]]}},{"type":"Feature","id":1086,"properties":{"sid":1086,"lb_mm":0,"exact":0,"gw_mm":101581,"detail_id":1086},"geometry":{"type":"LineString","coordinates":[[-87.7146360850808,41.83887950165097],[-87.71341342076134,41.83890062366419]]}},{"type":"Feature","id":1087,"properties":{"sid":1087,"lb_mm":0,"exact":0,"gw_mm":101400,"detail_id":1087},"geometry":{"type":"LineString","coordinates":[[-87.71468686870348,41.84071379736092],[-87.71346624894275,41.840731536582226]]}},{"type":"Feature","id":1088,"properties":{"sid":1088,"lb_mm":0,"exact":0,"gw_mm":101392,"detail_id":1088},"geometry":{"type":"LineString","coordinates":[[-87.71488841564393,41.84802512569629],[-87.71610916614493,41.84801143193693]]}},{"type":"Feature","id":1089,"properties":{"sid":1089,"lb_mm":0,"exact":0,"gw_mm":101682,"detail_id":1089},"geometry":{"type":"LineString","coordinates":[[-87.7154698900507,41.95745304915626],[-87.71424363717234,41.95747041278381]]}},{"type":"Feature","id":1090,"properties":{"sid":1090,"lb_mm":0,"exact":0,"gw_mm":101436,"detail_id":1090},"geometry":{"type":"LineString","coordinates":[[-87.71552553451981,41.95927346636482],[-87.71430215288747,41.95928830618719]]}},{"type":"Feature","id":1091,"properties":{"sid":1091,"lb_mm":0,"exact":0,"gw_mm":101320,"detail_id":1091},"geometry":{"type":"LineString","coordinates":[[-87.71585568516653,41.8388609404496],[-87.7146360850808,41.83887950165097]]}},{"type":"Feature","id":1092,"properties":{"sid":1092,"lb_mm":0,"exact":0,"gw_mm":101369,"detail_id":1092},"geometry":{"type":"LineString","coordinates":[[-87.71590707007805,41.84069467528764],[-87.71468686870348,41.84071379736092]]}},{"type":"Feature","id":1093,"properties":{"sid":1093,"lb_mm":0,"exact":0,"gw_mm":92578,"detail_id":1093},"geometry":{"type":"LineString","coordinates":[[-87.71610916614493,41.84801143193693],[-87.71722372040306,41.847995659209346]]}},{"type":"Feature","id":1094,"properties":{"sid":1094,"lb_mm":0,"exact":0,"gw_mm":101389,"detail_id":1094},"geometry":{"type":"LineString","coordinates":[[-87.71669265316491,41.9574377676606],[-87.7154698900507,41.95745304915626]]}},{"type":"Feature","id":1095,"properties":{"sid":1095,"lb_mm":0,"exact":0,"gw_mm":101564,"detail_id":1095},"geometry":{"type":"LineString","coordinates":[[-87.7167504490135,41.95925822379083],[-87.71552553451981,41.95927346636482]]}},{"type":"Feature","id":1096,"properties":{"sid":1096,"lb_mm":0,"exact":0,"gw_mm":101372,"detail_id":1096},"geometry":{"type":"LineString","coordinates":[[-87.71707580916308,41.83883915306202],[-87.71585568516653,41.8388609404496]]}},{"type":"Feature","id":1097,"properties":{"sid":1097,"lb_mm":0,"exact":0,"gw_mm":101378,"detail_id":1097},"geometry":{"type":"LineString","coordinates":[[-87.71712739217644,41.84067582360625],[-87.71590707007805,41.84069467528764]]}},{"type":"Feature","id":1098,"properties":{"sid":1098,"lb_mm":0,"exact":0,"gw_mm":8521,"detail_id":1098},"geometry":{"type":"LineString","coordinates":[[-87.71722372040306,41.847995659209346],[-87.71732624999456,41.8479985671674]]}},{"type":"Feature","id":1099,"properties":{"sid":1099,"lb_mm":0,"exact":0,"gw_mm":9632,"detail_id":1099},"geometry":{"type":"LineString","coordinates":[[-87.71732624999456,41.8479985671674],[-87.71744215167627,41.84800185285857]]}},{"type":"Feature","id":1100,"properties":{"sid":1100,"lb_mm":0,"exact":0,"gw_mm":756196,"detail_id":1100},"geometry":{"type":"LineString","coordinates":[[-87.71736351885467,41.87081350985845],[-87.70825595145823,41.87092603262245]]}},{"type":"Feature","id":1101,"properties":{"sid":1101,"lb_mm":0,"exact":0,"gw_mm":91884,"detail_id":1101},"geometry":{"type":"LineString","coordinates":[[-87.71744215167627,41.84800185285857],[-87.71854843293453,41.84798947844336]]}},{"type":"Feature","id":1102,"properties":{"sid":1102,"lb_mm":0,"exact":0,"gw_mm":114406,"detail_id":1102},"geometry":{"type":"LineString","coordinates":[[-87.71777754205434,41.952748782990824],[-87.71780754702101,41.95377854859952]]}},{"type":"Feature","id":1103,"properties":{"sid":1103,"lb_mm":0,"exact":0,"gw_mm":202371,"detail_id":1103},"geometry":{"type":"LineString","coordinates":[[-87.71780754702101,41.95377854859952],[-87.71786105495244,41.95560008077267]]}},{"type":"Feature","id":1104,"properties":{"sid":1104,"lb_mm":0,"exact":0,"gw_mm":202479,"detail_id":1104},"geometry":{"type":"LineString","coordinates":[[-87.71786105495244,41.95560008077267],[-87.71791844176813,41.95742252086928]]}},{"type":"Feature","id":1105,"properties":{"sid":1105,"lb_mm":0,"exact":0,"gw_mm":101639,"detail_id":1105},"geometry":{"type":"LineString","coordinates":[[-87.71791844176813,41.95742252086928],[-87.71669265316491,41.9574377676606]]}},{"type":"Feature","id":1106,"properties":{"sid":1106,"lb_mm":0,"exact":0,"gw_mm":202155,"detail_id":1106},"geometry":{"type":"LineString","coordinates":[[-87.71791844176813,41.95742252086928],[-87.71797418836545,41.959242073221716]]}},{"type":"Feature","id":1107,"properties":{"sid":1107,"lb_mm":0,"exact":0,"gw_mm":101468,"detail_id":1107},"geometry":{"type":"LineString","coordinates":[[-87.71797418836545,41.959242073221716],[-87.7167504490135,41.95925822379083]]}},{"type":"Feature","id":1108,"properties":{"sid":1108,"lb_mm":0,"exact":0,"gw_mm":115631,"detail_id":1108},"geometry":{"type":"LineString","coordinates":[[-87.71797418836545,41.959242073221716],[-87.71800690076252,41.96028282536059]]}},{"type":"Feature","id":1109,"properties":{"sid":1109,"lb_mm":0,"exact":0,"gw_mm":52878,"detail_id":1109},"geometry":{"type":"LineString","coordinates":[[-87.71800046477829,41.870815300126715],[-87.71736351885467,41.87081350985845]]}},{"type":"Feature","id":1110,"properties":{"sid":1110,"lb_mm":0,"exact":0,"gw_mm":86513,"detail_id":1110},"geometry":{"type":"LineString","coordinates":[[-87.71800690076252,41.96028282536059],[-87.71803397781228,41.96106145037472]]}},{"type":"Feature","id":1111,"properties":{"sid":1111,"lb_mm":0,"exact":0,"gw_mm":202149,"detail_id":1111},"geometry":{"type":"LineString","coordinates":[[-87.71803397781228,41.96106145037472],[-87.718080808173,41.962881083400546]]}},{"type":"Feature","id":1112,"properties":{"sid":1112,"lb_mm":0,"exact":0,"gw_mm":202387,"detail_id":1112},"geometry":{"type":"LineString","coordinates":[[-87.718080808173,41.962881083400546],[-87.71813791040361,41.96470270118711]]}},{"type":"Feature","id":1113,"properties":{"sid":1113,"lb_mm":0,"exact":0,"gw_mm":202051,"detail_id":1113},"geometry":{"type":"LineString","coordinates":[[-87.71813791040361,41.96470270118711],[-87.71819051489872,41.966521368208326]]}},{"type":"Feature","id":1114,"properties":{"sid":1114,"lb_mm":0,"exact":0,"gw_mm":202114,"detail_id":1114},"geometry":{"type":"LineString","coordinates":[[-87.71819051489872,41.966521368208326],[-87.71824920127219,41.968340496679396]]}},{"type":"Feature","id":1115,"properties":{"sid":1115,"lb_mm":0,"exact":0,"gw_mm":202132,"detail_id":1115},"geometry":{"type":"LineString","coordinates":[[-87.71824920127219,41.968340496679396],[-87.71829821880067,41.970159945490366]]}},{"type":"Feature","id":1116,"properties":{"sid":1116,"lb_mm":0,"exact":0,"gw_mm":101538,"detail_id":1116},"geometry":{"type":"LineString","coordinates":[[-87.71829796432712,41.838818156794304],[-87.71707580916308,41.83883915306202]]}},{"type":"Feature","id":1117,"properties":{"sid":1117,"lb_mm":0,"exact":0,"gw_mm":202699,"detail_id":1117},"geometry":{"type":"LineString","coordinates":[[-87.71829821880067,41.970159945490366],[-87.71834881839497,41.971984472833356]]}},{"type":"Feature","id":1118,"properties":{"sid":1118,"lb_mm":0,"exact":0,"gw_mm":118314,"detail_id":1118},"geometry":{"type":"LineString","coordinates":[[-87.71834881839497,41.971984472833356],[-87.71837756893053,41.973049449893495]]}},{"type":"Feature","id":1119,"properties":{"sid":1119,"lb_mm":0,"exact":0,"gw_mm":101519,"detail_id":1119},"geometry":{"type":"LineString","coordinates":[[-87.71834940174827,41.84065658084267],[-87.71712739217644,41.84067582360625]]}},{"type":"Feature","id":1120,"properties":{"sid":1120,"lb_mm":0,"exact":0,"gw_mm":39138,"detail_id":1120},"geometry":{"type":"LineString","coordinates":[[-87.71837756893053,41.973049449893495],[-87.71838734671601,41.97340173925865]]}},{"type":"Feature","id":1121,"properties":{"sid":1121,"lb_mm":0,"exact":0,"gw_mm":45090,"detail_id":1121},"geometry":{"type":"LineString","coordinates":[[-87.71838734671601,41.97340173925865],[-87.71839890648471,41.97380759863396]]}},{"type":"Feature","id":1122,"properties":{"sid":1122,"lb_mm":0,"exact":0,"gw_mm":101468,"detail_id":1122},"geometry":{"type":"LineString","coordinates":[[-87.71854843293453,41.84798947844336],[-87.71977011117995,41.847976592558055]]}},{"type":"Feature","id":1123,"properties":{"sid":1123,"lb_mm":0,"exact":0,"gw_mm":62375,"detail_id":1123},"geometry":{"type":"LineString","coordinates":[[-87.71867067571426,41.9574120859443],[-87.71791844176813,41.95742252086928]]}},{"type":"Feature","id":1124,"properties":{"sid":1124,"lb_mm":0,"exact":0,"gw_mm":55685,"detail_id":1124},"geometry":{"type":"LineString","coordinates":[[-87.71867121540137,41.87081652861131],[-87.71800046477829,41.870815300126715]]}},{"type":"Feature","id":1125,"properties":{"sid":1125,"lb_mm":0,"exact":0,"gw_mm":228198,"detail_id":1125},"geometry":{"type":"LineString","coordinates":[[-87.71878034257277,41.85504464250218],[-87.71883897998421,41.85709870913764]]}},{"type":"Feature","id":1126,"properties":{"sid":1126,"lb_mm":0,"exact":0,"gw_mm":192512,"detail_id":1126},"geometry":{"type":"LineString","coordinates":[[-87.71883897998421,41.85709870913764],[-87.71888805556294,41.858831561644784]]}},{"type":"Feature","id":1127,"properties":{"sid":1127,"lb_mm":0,"exact":0,"gw_mm":191540,"detail_id":1127},"geometry":{"type":"LineString","coordinates":[[-87.71886156007668,41.859030048700795],[-87.71891130878473,41.86075413396195]]}},{"type":"Feature","id":1128,"properties":{"sid":1128,"lb_mm":0,"exact":0,"gw_mm":22156,"detail_id":1128},"geometry":{"type":"LineString","coordinates":[[-87.71888805556294,41.858831561644784],[-87.71886156007668,41.859030048700795]]}},{"type":"Feature","id":1129,"properties":{"sid":1129,"lb_mm":0,"exact":0,"gw_mm":144475,"detail_id":1129},"geometry":{"type":"LineString","coordinates":[[-87.71891130878473,41.86075413396195],[-87.71894772673171,41.86205459901646]]}},{"type":"Feature","id":1130,"properties":{"sid":1130,"lb_mm":0,"exact":0,"gw_mm":5297,"detail_id":1130},"geometry":{"type":"LineString","coordinates":[[-87.71893584670164,41.86227171576964],[-87.71894787848888,41.862318554853914]]}},{"type":"Feature","id":1131,"properties":{"sid":1131,"lb_mm":0,"exact":0,"gw_mm":16301,"detail_id":1131},"geometry":{"type":"LineString","coordinates":[[-87.71894487292676,41.86212511137143],[-87.71893584670164,41.86227171576964]]}},{"type":"Feature","id":1132,"properties":{"sid":1132,"lb_mm":0,"exact":0,"gw_mm":7835,"detail_id":1132},"geometry":{"type":"LineString","coordinates":[[-87.71894772673171,41.86205459901646],[-87.71894487292676,41.86212511137143]]}},{"type":"Feature","id":1133,"properties":{"sid":1133,"lb_mm":0,"exact":0,"gw_mm":14056,"detail_id":1133},"geometry":{"type":"LineString","coordinates":[[-87.71894787848888,41.862318554853914],[-87.71897980308952,41.86244283637583]]}},{"type":"Feature","id":1134,"properties":{"sid":1134,"lb_mm":0,"exact":0,"gw_mm":40466,"detail_id":1134},"geometry":{"type":"LineString","coordinates":[[-87.71897980308952,41.86244283637583],[-87.71898861446361,41.86280710452169]]}},{"type":"Feature","id":1135,"properties":{"sid":1135,"lb_mm":0,"exact":0,"gw_mm":39090,"detail_id":1135},"geometry":{"type":"LineString","coordinates":[[-87.71914212542497,41.957417277604655],[-87.71867067571426,41.9574120859443]]}},{"type":"Feature","id":1136,"properties":{"sid":1136,"lb_mm":0,"exact":0,"gw_mm":33177,"detail_id":1136},"geometry":{"type":"LineString","coordinates":[[-87.71917987346106,41.85504295586359],[-87.71878034257277,41.85504464250218]]}},{"type":"Feature","id":1137,"properties":{"sid":1137,"lb_mm":0,"exact":0,"gw_mm":42714,"detail_id":1137},"geometry":{"type":"LineString","coordinates":[[-87.7191856591681,41.8708099082391],[-87.71867121540137,41.87081652861131]]}},{"type":"Feature","id":1138,"properties":{"sid":1138,"lb_mm":0,"exact":0,"gw_mm":60441,"detail_id":1138},"geometry":{"type":"LineString","coordinates":[[-87.71938237204239,41.8333504351567],[-87.71939188112455,41.83389455541428]]}},{"type":"Feature","id":1139,"properties":{"sid":1139,"lb_mm":0,"exact":0,"gw_mm":138008,"detail_id":1139},"geometry":{"type":"LineString","coordinates":[[-87.71939188112455,41.83389455541428],[-87.71941913137985,41.83513692192881]]}},{"type":"Feature","id":1140,"properties":{"sid":1140,"lb_mm":0,"exact":0,"gw_mm":36100,"detail_id":1140},"geometry":{"type":"LineString","coordinates":[[-87.71941433048971,41.86301925854827],[-87.71984900323164,41.863011537012696]]}},{"type":"Feature","id":1141,"properties":{"sid":1141,"lb_mm":0,"exact":0,"gw_mm":202559,"detail_id":1141},"geometry":{"type":"LineString","coordinates":[[-87.71941913137985,41.83513692192881],[-87.7194620392625,41.83696034540197]]}},{"type":"Feature","id":1142,"properties":{"sid":1142,"lb_mm":0,"exact":0,"gw_mm":204119,"detail_id":1142},"geometry":{"type":"LineString","coordinates":[[-87.7194620392625,41.83696034540197],[-87.7195136759741,41.83879769200921]]}},{"type":"Feature","id":1143,"properties":{"sid":1143,"lb_mm":0,"exact":0,"gw_mm":101002,"detail_id":1143},"geometry":{"type":"LineString","coordinates":[[-87.7195136759741,41.83879769200921],[-87.71829796432712,41.838818156794304]]}},{"type":"Feature","id":1144,"properties":{"sid":1144,"lb_mm":0,"exact":0,"gw_mm":204106,"detail_id":1144},"geometry":{"type":"LineString","coordinates":[[-87.7195136759741,41.83879769200921],[-87.71956859880562,41.84063486470037]]}},{"type":"Feature","id":1145,"properties":{"sid":1145,"lb_mm":0,"exact":0,"gw_mm":101292,"detail_id":1145},"geometry":{"type":"LineString","coordinates":[[-87.71956859880562,41.84063486470037],[-87.71834940174827,41.84065658084267]]}},{"type":"Feature","id":1146,"properties":{"sid":1146,"lb_mm":0,"exact":0,"gw_mm":204073,"detail_id":1146},"geometry":{"type":"LineString","coordinates":[[-87.71956859880562,41.84063486470037],[-87.71961938561535,41.84247180850699]]}},{"type":"Feature","id":1147,"properties":{"sid":1147,"lb_mm":0,"exact":0,"gw_mm":204129,"detail_id":1147},"geometry":{"type":"LineString","coordinates":[[-87.71961938561535,41.84247180850699],[-87.719668529717,41.844309277742006]]}},{"type":"Feature","id":1148,"properties":{"sid":1148,"lb_mm":0,"exact":0,"gw_mm":205317,"detail_id":1148},"geometry":{"type":"LineString","coordinates":[[-87.719668529717,41.844309277742006],[-87.7197219983729,41.84615737377268]]}},{"type":"Feature","id":1149,"properties":{"sid":1149,"lb_mm":0,"exact":0,"gw_mm":40309,"detail_id":1149},"geometry":{"type":"LineString","coordinates":[[-87.7196709095454,41.87079715129228],[-87.7191856591681,41.8708099082391]]}},{"type":"Feature","id":1150,"properties":{"sid":1150,"lb_mm":0,"exact":0,"gw_mm":202101,"detail_id":1150},"geometry":{"type":"LineString","coordinates":[[-87.7197219983729,41.84615737377268],[-87.71977011117995,41.847976592558055]]}},{"type":"Feature","id":1151,"properties":{"sid":1151,"lb_mm":0,"exact":0,"gw_mm":190910,"detail_id":1151},"geometry":{"type":"LineString","coordinates":[[-87.71977011117995,41.847976592558055],[-87.71981641070626,41.84969506485732]]}},{"type":"Feature","id":1152,"properties":{"sid":1152,"lb_mm":0,"exact":0,"gw_mm":101066,"detail_id":1152},"geometry":{"type":"LineString","coordinates":[[-87.71977011117995,41.847976592558055],[-87.72098684122813,41.84795877030677]]}},{"type":"Feature","id":1153,"properties":{"sid":1153,"lb_mm":0,"exact":0,"gw_mm":211567,"detail_id":1153},"geometry":{"type":"LineString","coordinates":[[-87.71981641070626,41.84969506485732],[-87.71986639756074,41.851599501311505]]}},{"type":"Feature","id":1154,"properties":{"sid":1154,"lb_mm":0,"exact":0,"gw_mm":57865,"detail_id":1154},"geometry":{"type":"LineString","coordinates":[[-87.71983939818271,41.95739427398393],[-87.71914212542497,41.957417277604655]]}},{"type":"Feature","id":1155,"properties":{"sid":1155,"lb_mm":0,"exact":0,"gw_mm":22179,"detail_id":1155},"geometry":{"type":"LineString","coordinates":[[-87.71984900323164,41.863011537012696],[-87.72011576891575,41.863021913812055]]}},{"type":"Feature","id":1156,"properties":{"sid":1156,"lb_mm":0,"exact":0,"gw_mm":105400,"detail_id":1156},"geometry":{"type":"LineString","coordinates":[[-87.71986639756074,41.851599501311505],[-87.71988858010008,41.85254830142427]]}},{"type":"Feature","id":1157,"properties":{"sid":1157,"lb_mm":0,"exact":0,"gw_mm":15414,"detail_id":1157},"geometry":{"type":"LineString","coordinates":[[-87.71988037342702,41.85299630958426],[-87.71988299255342,41.853135076853505]]}},{"type":"Feature","id":1158,"properties":{"sid":1158,"lb_mm":0,"exact":0,"gw_mm":14492,"detail_id":1158},"geometry":{"type":"LineString","coordinates":[[-87.71988276290239,41.852865844147516],[-87.71988037342702,41.85299630958426]]}},{"type":"Feature","id":1159,"properties":{"sid":1159,"lb_mm":0,"exact":0,"gw_mm":85900,"detail_id":1159},"geometry":{"type":"LineString","coordinates":[[-87.71988299255342,41.853135076853505],[-87.71990530601177,41.8539082801856]]}},{"type":"Feature","id":1160,"properties":{"sid":1160,"lb_mm":0,"exact":0,"gw_mm":14754,"detail_id":1160},"geometry":{"type":"LineString","coordinates":[[-87.71988519659614,41.85273301823558],[-87.71988276290239,41.852865844147516]]}},{"type":"Feature","id":1161,"properties":{"sid":1161,"lb_mm":0,"exact":0,"gw_mm":12734,"detail_id":1161},"geometry":{"type":"LineString","coordinates":[[-87.7198872975367,41.85261837934216],[-87.71988519659614,41.85273301823558]]}},{"type":"Feature","id":1162,"properties":{"sid":1162,"lb_mm":0,"exact":0,"gw_mm":7784,"detail_id":1162},"geometry":{"type":"LineString","coordinates":[[-87.71988858010008,41.85254830142427],[-87.7198872975367,41.85261837934216]]}},{"type":"Feature","id":1163,"properties":{"sid":1163,"lb_mm":0,"exact":0,"gw_mm":125135,"detail_id":1163},"geometry":{"type":"LineString","coordinates":[[-87.71990530601177,41.8539082801856],[-87.71993378987392,41.855034705932866]]}},{"type":"Feature","id":1164,"properties":{"sid":1164,"lb_mm":0,"exact":0,"gw_mm":62611,"detail_id":1164},"geometry":{"type":"LineString","coordinates":[[-87.71993378987392,41.855034705932866],[-87.71917987346106,41.85504295586359]]}},{"type":"Feature","id":1165,"properties":{"sid":1165,"lb_mm":0,"exact":0,"gw_mm":228013,"detail_id":1165},"geometry":{"type":"LineString","coordinates":[[-87.71993378987392,41.855034705932866],[-87.71999439293197,41.85708706917151]]}},{"type":"Feature","id":1166,"properties":{"sid":1166,"lb_mm":0,"exact":0,"gw_mm":193317,"detail_id":1166},"geometry":{"type":"LineString","coordinates":[[-87.71999439293197,41.85708706917151],[-87.72004236678283,41.8588271928395]]}},{"type":"Feature","id":1167,"properties":{"sid":1167,"lb_mm":0,"exact":0,"gw_mm":21256,"detail_id":1167},"geometry":{"type":"LineString","coordinates":[[-87.72004236678283,41.8588271928395],[-87.7200819310959,41.85901626416961]]}},{"type":"Feature","id":1168,"properties":{"sid":1168,"lb_mm":0,"exact":0,"gw_mm":191658,"detail_id":1168},"geometry":{"type":"LineString","coordinates":[[-87.7200819310959,41.85901626416961],[-87.7201300581245,41.86074144501509]]}},{"type":"Feature","id":1169,"properties":{"sid":1169,"lb_mm":0,"exact":0,"gw_mm":4267,"detail_id":1169},"geometry":{"type":"LineString","coordinates":[[-87.72011576891575,41.863021913812055],[-87.72016709720296,41.863023910220996]]}},{"type":"Feature","id":1170,"properties":{"sid":1170,"lb_mm":0,"exact":0,"gw_mm":151982,"detail_id":1170},"geometry":{"type":"LineString","coordinates":[[-87.7201300581245,41.86074144501509],[-87.7201663980799,41.86210951260553]]}},{"type":"Feature","id":1171,"properties":{"sid":1171,"lb_mm":0,"exact":0,"gw_mm":6776,"detail_id":1171},"geometry":{"type":"LineString","coordinates":[[-87.72016709720296,41.863023910220996],[-87.7202475197237,41.86301355523217]]}},{"type":"Feature","id":1172,"properties":{"sid":1172,"lb_mm":0,"exact":0,"gw_mm":105855,"detail_id":1172},"geometry":{"type":"LineString","coordinates":[[-87.72021959762198,41.862108953897994],[-87.71894487292676,41.86212511137143]]}},{"type":"Feature","id":1173,"properties":{"sid":1173,"lb_mm":0,"exact":0,"gw_mm":6716,"detail_id":1173},"geometry":{"type":"LineString","coordinates":[[-87.7202475197237,41.86301355523217],[-87.7203148019088,41.862979994788404]]}},{"type":"Feature","id":1174,"properties":{"sid":1174,"lb_mm":0,"exact":0,"gw_mm":49405,"detail_id":1174},"geometry":{"type":"LineString","coordinates":[[-87.72026538330334,41.87077661481438],[-87.7196709095454,41.87079715129228]]}},{"type":"Feature","id":1175,"properties":{"sid":1175,"lb_mm":0,"exact":0,"gw_mm":6359,"detail_id":1175},"geometry":{"type":"LineString","coordinates":[[-87.72027812880805,41.86214587437533],[-87.72021959762198,41.862108953897994]]}},{"type":"Feature","id":1176,"properties":{"sid":1176,"lb_mm":0,"exact":0,"gw_mm":2928,"detail_id":1176},"geometry":{"type":"LineString","coordinates":[[-87.72030128769798,41.862165756964416],[-87.72027812880805,41.86214587437533]]}},{"type":"Feature","id":1177,"properties":{"sid":1177,"lb_mm":0,"exact":0,"gw_mm":2980,"detail_id":1177},"geometry":{"type":"LineString","coordinates":[[-87.72031426362396,41.862190771183336],[-87.72030128769798,41.862165756964416]]}},{"type":"Feature","id":1178,"properties":{"sid":1178,"lb_mm":0,"exact":0,"gw_mm":4728,"detail_id":1178},"geometry":{"type":"LineString","coordinates":[[-87.7203148019088,41.862979994788404],[-87.7203365431423,41.86294064871866]]}},{"type":"Feature","id":1179,"properties":{"sid":1179,"lb_mm":0,"exact":0,"gw_mm":3709,"detail_id":1179},"geometry":{"type":"LineString","coordinates":[[-87.7203189761161,41.86222397494889],[-87.72031426362396,41.862190771183336]]}},{"type":"Feature","id":1180,"properties":{"sid":1180,"lb_mm":0,"exact":0,"gw_mm":79615,"detail_id":1180},"geometry":{"type":"LineString","coordinates":[[-87.7203365431423,41.86294064871866],[-87.7203189761161,41.86222397494889]]}},{"type":"Feature","id":1181,"properties":{"sid":1181,"lb_mm":0,"exact":0,"gw_mm":121156,"detail_id":1181},"geometry":{"type":"LineString","coordinates":[[-87.72034544771174,41.91380841517284],[-87.72037434083147,41.91489899708167]]}},{"type":"Feature","id":1182,"properties":{"sid":1182,"lb_mm":0,"exact":0,"gw_mm":43718,"detail_id":1182},"geometry":{"type":"LineString","coordinates":[[-87.72036665609639,41.957388326427605],[-87.71983939818271,41.95739427398393]]}},{"type":"Feature","id":1183,"properties":{"sid":1183,"lb_mm":0,"exact":0,"gw_mm":46833,"detail_id":1183},"geometry":{"type":"LineString","coordinates":[[-87.72037434083147,41.91489899708167],[-87.7203855012519,41.91532056370383]]}},{"type":"Feature","id":1184,"properties":{"sid":1184,"lb_mm":0,"exact":0,"gw_mm":101458,"detail_id":1184},"geometry":{"type":"LineString","coordinates":[[-87.7203844768255,41.91540809887239],[-87.72160730150323,41.91539393103805]]}},{"type":"Feature","id":1185,"properties":{"sid":1185,"lb_mm":0,"exact":0,"gw_mm":4511,"detail_id":1185},"geometry":{"type":"LineString","coordinates":[[-87.72038495220303,41.91536748812226],[-87.7203844768255,41.91540809887239]]}},{"type":"Feature","id":1186,"properties":{"sid":1186,"lb_mm":0,"exact":0,"gw_mm":5212,"detail_id":1186},"geometry":{"type":"LineString","coordinates":[[-87.7203855012519,41.91532056370383],[-87.72038495220303,41.91536748812226]]}},{"type":"Feature","id":1187,"properties":{"sid":1187,"lb_mm":0,"exact":0,"gw_mm":202916,"detail_id":1187},"geometry":{"type":"LineString","coordinates":[[-87.72042145611378,41.95921121016132],[-87.71797418836545,41.959242073221716]]}},{"type":"Feature","id":1188,"properties":{"sid":1188,"lb_mm":0,"exact":0,"gw_mm":101269,"detail_id":1188},"geometry":{"type":"LineString","coordinates":[[-87.72073261350816,41.83877748275691],[-87.7195136759741,41.83879769200921]]}},{"type":"Feature","id":1189,"properties":{"sid":1189,"lb_mm":0,"exact":0,"gw_mm":100749,"detail_id":1189},"geometry":{"type":"LineString","coordinates":[[-87.72078133541577,41.84061568696033],[-87.71956859880562,41.84063486470037]]}},{"type":"Feature","id":1190,"properties":{"sid":1190,"lb_mm":0,"exact":0,"gw_mm":101100,"detail_id":1190},"geometry":{"type":"LineString","coordinates":[[-87.72098684122813,41.84795877030677],[-87.72220398904471,41.8479411408651]]}},{"type":"Feature","id":1191,"properties":{"sid":1191,"lb_mm":0,"exact":0,"gw_mm":101362,"detail_id":1191},"geometry":{"type":"LineString","coordinates":[[-87.72158907376196,41.95737222474954],[-87.72036665609639,41.957388326427605]]}},{"type":"Feature","id":1192,"properties":{"sid":1192,"lb_mm":0,"exact":0,"gw_mm":202357,"detail_id":1192},"geometry":{"type":"LineString","coordinates":[[-87.72160730150323,41.91539393103805],[-87.72166042585684,41.91721535813423]]}},{"type":"Feature","id":1193,"properties":{"sid":1193,"lb_mm":0,"exact":0,"gw_mm":101382,"detail_id":1193},"geometry":{"type":"LineString","coordinates":[[-87.72166042585684,41.91721535813423],[-87.72168787932283,41.9181278863334]]}},{"type":"Feature","id":1194,"properties":{"sid":1194,"lb_mm":0,"exact":0,"gw_mm":101824,"detail_id":1194},"geometry":{"type":"LineString","coordinates":[[-87.72168787932283,41.9181278863334],[-87.72171509400066,41.91904440430139]]}},{"type":"Feature","id":1195,"properties":{"sid":1195,"lb_mm":0,"exact":0,"gw_mm":101895,"detail_id":1195},"geometry":{"type":"LineString","coordinates":[[-87.72171509400066,41.91904440430139],[-87.72174423115418,41.91996152387927]]}},{"type":"Feature","id":1196,"properties":{"sid":1196,"lb_mm":0,"exact":0,"gw_mm":101610,"detail_id":1196},"geometry":{"type":"LineString","coordinates":[[-87.72174423115418,41.91996152387927],[-87.72177138716508,41.9208761127137]]}},{"type":"Feature","id":1197,"properties":{"sid":1197,"lb_mm":0,"exact":0,"gw_mm":101574,"detail_id":1197},"geometry":{"type":"LineString","coordinates":[[-87.72177138716508,41.9208761127137],[-87.72179731706514,41.92179039595663]]}},{"type":"Feature","id":1198,"properties":{"sid":1198,"lb_mm":0,"exact":0,"gw_mm":101699,"detail_id":1198},"geometry":{"type":"LineString","coordinates":[[-87.72179731706514,41.92179039595663],[-87.72182229269752,41.922705820995624]]}},{"type":"Feature","id":1199,"properties":{"sid":1199,"lb_mm":0,"exact":0,"gw_mm":186282,"detail_id":1199},"geometry":{"type":"LineString","coordinates":[[-87.72182229269752,41.922705820995624],[-87.72187268670051,41.924382525675426]]}},{"type":"Feature","id":1200,"properties":{"sid":1200,"lb_mm":0,"exact":0,"gw_mm":16874,"detail_id":1200},"geometry":{"type":"LineString","coordinates":[[-87.72187268670051,41.924382525675426],[-87.72187579223747,41.92453442337731]]}},{"type":"Feature","id":1201,"properties":{"sid":1201,"lb_mm":0,"exact":0,"gw_mm":202918,"detail_id":1201},"geometry":{"type":"LineString","coordinates":[[-87.72187579223747,41.92453442337731],[-87.72192802075112,41.9263609125087]]}},{"type":"Feature","id":1202,"properties":{"sid":1202,"lb_mm":0,"exact":0,"gw_mm":203099,"detail_id":1202},"geometry":{"type":"LineString","coordinates":[[-87.72192802075112,41.9263609125087],[-87.7219824801546,41.92818899300935]]}},{"type":"Feature","id":1203,"properties":{"sid":1203,"lb_mm":0,"exact":0,"gw_mm":101379,"detail_id":1203},"geometry":{"type":"LineString","coordinates":[[-87.72195282217311,41.8387555800791],[-87.72073261350816,41.83877748275691]]}},{"type":"Feature","id":1204,"properties":{"sid":1204,"lb_mm":0,"exact":0,"gw_mm":205749,"detail_id":1204},"geometry":{"type":"LineString","coordinates":[[-87.7219824801546,41.92818899300935],[-87.72203390565075,41.93004098854818]]}},{"type":"Feature","id":1205,"properties":{"sid":1205,"lb_mm":0,"exact":0,"gw_mm":101569,"detail_id":1205},"geometry":{"type":"LineString","coordinates":[[-87.72200393893628,41.84059643278528],[-87.72078133541577,41.84061568696033]]}},{"type":"Feature","id":1206,"properties":{"sid":1206,"lb_mm":0,"exact":0,"gw_mm":170037,"detail_id":1206},"geometry":{"type":"LineString","coordinates":[[-87.7220101044081,41.9719446851377],[-87.72205223484407,41.9734752209481]]}},{"type":"Feature","id":1207,"properties":{"sid":1207,"lb_mm":0,"exact":0,"gw_mm":200228,"detail_id":1207},"geometry":{"type":"LineString","coordinates":[[-87.72203390565075,41.93004098854818],[-87.72208189386546,41.93184331985075]]}},{"type":"Feature","id":1208,"properties":{"sid":1208,"lb_mm":0,"exact":0,"gw_mm":14104,"detail_id":1208},"geometry":{"type":"LineString","coordinates":[[-87.72205223484407,41.9734752209481],[-87.72205981134367,41.97360207064222]]}},{"type":"Feature","id":1209,"properties":{"sid":1209,"lb_mm":0,"exact":0,"gw_mm":9285,"detail_id":1209},"geometry":{"type":"LineString","coordinates":[[-87.72205981134367,41.97360207064222],[-87.72205932451286,41.97368566347299]]}},{"type":"Feature","id":1210,"properties":{"sid":1210,"lb_mm":0,"exact":0,"gw_mm":100589,"detail_id":1210},"geometry":{"type":"LineString","coordinates":[[-87.72220398904471,41.8479411408651],[-87.72341497361627,41.847923487402454]]}},{"type":"Feature","id":1211,"properties":{"sid":1211,"lb_mm":0,"exact":0,"gw_mm":23514,"detail_id":1211},"geometry":{"type":"LineString","coordinates":[[-87.722293756667,41.971941426196864],[-87.7220101044081,41.9719446851377]]}},{"type":"Feature","id":1212,"properties":{"sid":1212,"lb_mm":0,"exact":0,"gw_mm":40358,"detail_id":1212},"geometry":{"type":"LineString","coordinates":[[-87.72278065682183,41.971939653712504],[-87.722293756667,41.971941426196864]]}},{"type":"Feature","id":1213,"properties":{"sid":1213,"lb_mm":0,"exact":0,"gw_mm":101560,"detail_id":1213},"geometry":{"type":"LineString","coordinates":[[-87.72281390255849,41.95735708082692],[-87.72158907376196,41.95737222474954]]}},{"type":"Feature","id":1214,"properties":{"sid":1214,"lb_mm":0,"exact":0,"gw_mm":92011,"detail_id":1214},"geometry":{"type":"LineString","coordinates":[[-87.7228841049379,41.91719962642095],[-87.72290857751275,41.91802781930873]]}},{"type":"Feature","id":1215,"properties":{"sid":1215,"lb_mm":0,"exact":0,"gw_mm":111462,"detail_id":1215},"geometry":{"type":"LineString","coordinates":[[-87.72290857751275,41.91802781930873],[-87.72293779519772,41.919031098665656]]}},{"type":"Feature","id":1216,"properties":{"sid":1216,"lb_mm":0,"exact":0,"gw_mm":89168,"detail_id":1216},"geometry":{"type":"LineString","coordinates":[[-87.72293779519772,41.919031098665656],[-87.72296032337512,41.91983372130595]]}},{"type":"Feature","id":1217,"properties":{"sid":1217,"lb_mm":0,"exact":0,"gw_mm":114208,"detail_id":1217},"geometry":{"type":"LineString","coordinates":[[-87.72296032337512,41.91983372130595],[-87.72299270195381,41.92086167553967]]}},{"type":"Feature","id":1218,"properties":{"sid":1218,"lb_mm":0,"exact":0,"gw_mm":203228,"detail_id":1218},"geometry":{"type":"LineString","coordinates":[[-87.72299270195381,41.92086167553967],[-87.72304697524176,41.922690929453964]]}},{"type":"Feature","id":1219,"properties":{"sid":1219,"lb_mm":0,"exact":0,"gw_mm":152753,"detail_id":1219},"geometry":{"type":"LineString","coordinates":[[-87.72304697524176,41.922690929453964],[-87.72308370930726,41.92406592078638]]}},{"type":"Feature","id":1220,"properties":{"sid":1220,"lb_mm":0,"exact":0,"gw_mm":50519,"detail_id":1220},"geometry":{"type":"LineString","coordinates":[[-87.72308370930726,41.92406592078638],[-87.72309807008777,41.92452062324661]]}},{"type":"Feature","id":1221,"properties":{"sid":1221,"lb_mm":0,"exact":0,"gw_mm":204231,"detail_id":1221},"geometry":{"type":"LineString","coordinates":[[-87.72309807008777,41.92452062324661],[-87.72315302545937,41.926358895542215]]}},{"type":"Feature","id":1222,"properties":{"sid":1222,"lb_mm":0,"exact":0,"gw_mm":202604,"detail_id":1222},"geometry":{"type":"LineString","coordinates":[[-87.72315302545937,41.926358895542215],[-87.72320423777514,41.92818257542417]]}},{"type":"Feature","id":1223,"properties":{"sid":1223,"lb_mm":0,"exact":0,"gw_mm":101377,"detail_id":1223},"geometry":{"type":"LineString","coordinates":[[-87.72317306595339,41.838735853370125],[-87.72195282217311,41.8387555800791]]}},{"type":"Feature","id":1224,"properties":{"sid":1224,"lb_mm":0,"exact":0,"gw_mm":206095,"detail_id":1224},"geometry":{"type":"LineString","coordinates":[[-87.72320423777514,41.92818257542417],[-87.72325661549165,41.93003767627502]]}},{"type":"Feature","id":1225,"properties":{"sid":1225,"lb_mm":0,"exact":0,"gw_mm":101314,"detail_id":1225},"geometry":{"type":"LineString","coordinates":[[-87.72322349127363,41.84057763467437],[-87.72200393893628,41.84059643278528]]}},{"type":"Feature","id":1226,"properties":{"sid":1226,"lb_mm":0,"exact":0,"gw_mm":37643,"detail_id":1226},"geometry":{"type":"LineString","coordinates":[[-87.72323466686585,41.97193145160124],[-87.72278065682183,41.971939653712504]]}},{"type":"Feature","id":1227,"properties":{"sid":1227,"lb_mm":0,"exact":0,"gw_mm":190388,"detail_id":1227},"geometry":{"type":"LineString","coordinates":[[-87.72325661549165,41.93003767627502],[-87.72330566704893,41.93175138476433]]}},{"type":"Feature","id":1228,"properties":{"sid":1228,"lb_mm":0,"exact":0,"gw_mm":8839,"detail_id":1228},"geometry":{"type":"LineString","coordinates":[[-87.72330566704893,41.93175138476433],[-87.72329426900114,41.93183050499742]]}},{"type":"Feature","id":1229,"properties":{"sid":1229,"lb_mm":0,"exact":0,"gw_mm":87627,"detail_id":1229},"geometry":{"type":"LineString","coordinates":[[-87.72341497361627,41.847923487402454],[-87.7244699266358,41.84790872426657]]}},{"type":"Feature","id":1230,"properties":{"sid":1230,"lb_mm":0,"exact":0,"gw_mm":49060,"detail_id":1230},"geometry":{"type":"LineString","coordinates":[[-87.72382638548494,41.97192075932248],[-87.72323466686585,41.97193145160124]]}},{"type":"Feature","id":1231,"properties":{"sid":1231,"lb_mm":0,"exact":0,"gw_mm":102189,"detail_id":1231},"geometry":{"type":"LineString","coordinates":[[-87.72404632872365,41.95734206139036],[-87.72281390255849,41.95735708082692]]}},{"type":"Feature","id":1232,"properties":{"sid":1232,"lb_mm":0,"exact":0,"gw_mm":101466,"detail_id":1232},"geometry":{"type":"LineString","coordinates":[[-87.72439435221173,41.83871492535972],[-87.72317306595339,41.838735853370125]]}},{"type":"Feature","id":1233,"properties":{"sid":1233,"lb_mm":0,"exact":0,"gw_mm":101391,"detail_id":1233},"geometry":{"type":"LineString","coordinates":[[-87.7244439436103,41.840557811889965],[-87.72322349127363,41.84057763467437]]}},{"type":"Feature","id":1234,"properties":{"sid":1234,"lb_mm":0,"exact":0,"gw_mm":14691,"detail_id":1234},"geometry":{"type":"LineString","coordinates":[[-87.7244699266358,41.84790872426657],[-87.7246465862118,41.84790185552037]]}},{"type":"Feature","id":1235,"properties":{"sid":1235,"lb_mm":0,"exact":0,"gw_mm":36420,"detail_id":1235},"geometry":{"type":"LineString","coordinates":[[-87.72448557025199,41.957336863033525],[-87.72404632872365,41.95734206139036]]}},{"type":"Feature","id":1236,"properties":{"sid":1236,"lb_mm":0,"exact":0,"gw_mm":55174,"detail_id":1236},"geometry":{"type":"LineString","coordinates":[[-87.72449202087856,41.97191772707402],[-87.72382638548494,41.97192075932248]]}},{"type":"Feature","id":1237,"properties":{"sid":1237,"lb_mm":0,"exact":0,"gw_mm":392337,"detail_id":1237},"geometry":{"type":"LineString","coordinates":[[-87.72505485806795,41.862515696314375],[-87.72033011542503,41.86257052404876]]}},{"type":"Feature","id":1238,"properties":{"sid":1238,"lb_mm":0,"exact":0,"gw_mm":420919,"detail_id":1238},"geometry":{"type":"LineString","coordinates":[[-87.72533489459605,41.87071419427452],[-87.72026538330334,41.87077661481438]]}},{"type":"Feature","id":1239,"properties":{"sid":1239,"lb_mm":0,"exact":0,"gw_mm":101090,"detail_id":1239},"geometry":{"type":"LineString","coordinates":[[-87.72561130910135,41.83870191963666],[-87.72439435221173,41.83871492535972]]}},{"type":"Feature","id":1240,"properties":{"sid":1240,"lb_mm":0,"exact":0,"gw_mm":101142,"detail_id":1240},"geometry":{"type":"LineString","coordinates":[[-87.72566154134644,41.84054400957325],[-87.7244439436103,41.840557811889965]]}},{"type":"Feature","id":1241,"properties":{"sid":1241,"lb_mm":0,"exact":0,"gw_mm":100349,"detail_id":1241},"geometry":{"type":"LineString","coordinates":[[-87.7257025259564,41.97190293772762],[-87.72449202087856,41.97191772707402]]}},{"type":"Feature","id":1242,"properties":{"sid":1242,"lb_mm":0,"exact":0,"gw_mm":42864,"detail_id":1242},"geometry":{"type":"LineString","coordinates":[[-87.72653432270323,41.95874676865196],[-87.72654312731368,41.95913262550977]]}},{"type":"Feature","id":1243,"properties":{"sid":1243,"lb_mm":0,"exact":0,"gw_mm":507584,"detail_id":1243},"geometry":{"type":"LineString","coordinates":[[-87.72654312731368,41.95913262550977],[-87.72042145611378,41.95921121016132]]}},{"type":"Feature","id":1244,"properties":{"sid":1244,"lb_mm":0,"exact":0,"gw_mm":100560,"detail_id":1244},"geometry":{"type":"LineString","coordinates":[[-87.72682189984337,41.838689834376154],[-87.72561130910135,41.83870191963666]]}},{"type":"Feature","id":1245,"properties":{"sid":1245,"lb_mm":0,"exact":0,"gw_mm":101038,"detail_id":1245},"geometry":{"type":"LineString","coordinates":[[-87.72687781184544,41.84052688396069],[-87.72566154134644,41.84054400957325]]}},{"type":"Feature","id":1246,"properties":{"sid":1246,"lb_mm":0,"exact":0,"gw_mm":100435,"detail_id":1246},"geometry":{"type":"LineString","coordinates":[[-87.72691410036121,41.971889578187465],[-87.7257025259564,41.97190293772762]]}},{"type":"Feature","id":1247,"properties":{"sid":1247,"lb_mm":0,"exact":0,"gw_mm":101222,"detail_id":1247},"geometry":{"type":"LineString","coordinates":[[-87.7280403899415,41.838674502514664],[-87.72682189984337,41.838689834376154]]}},{"type":"Feature","id":1248,"properties":{"sid":1248,"lb_mm":0,"exact":0,"gw_mm":100949,"detail_id":1248},"geometry":{"type":"LineString","coordinates":[[-87.72809306744446,41.840512367335485],[-87.72687781184544,41.84052688396069]]}},{"type":"Feature","id":1249,"properties":{"sid":1249,"lb_mm":0,"exact":0,"gw_mm":100463,"detail_id":1249},"geometry":{"type":"LineString","coordinates":[[-87.72812601268502,41.9718761572222],[-87.72691410036121,41.971889578187465]]}},{"type":"Feature","id":1250,"properties":{"sid":1250,"lb_mm":0,"exact":0,"gw_mm":304883,"detail_id":1250},"geometry":{"type":"LineString","coordinates":[[-87.72872618134268,41.86246267019904],[-87.72505485806795,41.862515696314375]]}},{"type":"Feature","id":1251,"properties":{"sid":1251,"lb_mm":0,"exact":0,"gw_mm":196459,"detail_id":1251},"geometry":{"type":"LineString","coordinates":[[-87.72910103056387,41.83323396655649],[-87.72916659588245,41.835002073849566]]}},{"type":"Feature","id":1252,"properties":{"sid":1252,"lb_mm":0,"exact":0,"gw_mm":201810,"detail_id":1252},"geometry":{"type":"LineString","coordinates":[[-87.72916659588245,41.835002073849566],[-87.72920586806146,41.83681879528111]]}},{"type":"Feature","id":1253,"properties":{"sid":1253,"lb_mm":0,"exact":0,"gw_mm":204612,"detail_id":1253},"geometry":{"type":"LineString","coordinates":[[-87.72920586806146,41.83681879528111],[-87.72925597290013,41.83866059919962]]}},{"type":"Feature","id":1254,"properties":{"sid":1254,"lb_mm":0,"exact":0,"gw_mm":100978,"detail_id":1254},"geometry":{"type":"LineString","coordinates":[[-87.72925597290013,41.83866059919962],[-87.7280403899415,41.838674502514664]]}},{"type":"Feature","id":1255,"properties":{"sid":1255,"lb_mm":0,"exact":0,"gw_mm":204167,"detail_id":1255},"geometry":{"type":"LineString","coordinates":[[-87.72925597290013,41.83866059919962],[-87.72930839719552,41.84049836044246]]}},{"type":"Feature","id":1256,"properties":{"sid":1256,"lb_mm":0,"exact":0,"gw_mm":100954,"detail_id":1256},"geometry":{"type":"LineString","coordinates":[[-87.72930839719552,41.84049836044246],[-87.72809306744446,41.840512367335485]]}},{"type":"Feature","id":1257,"properties":{"sid":1257,"lb_mm":0,"exact":0,"gw_mm":204415,"detail_id":1257},"geometry":{"type":"LineString","coordinates":[[-87.72930839719552,41.84049836044246],[-87.729357617691,41.84233840552477]]}},{"type":"Feature","id":1258,"properties":{"sid":1258,"lb_mm":0,"exact":0,"gw_mm":204304,"detail_id":1258},"geometry":{"type":"LineString","coordinates":[[-87.729357617691,41.84233840552477],[-87.72940598751181,41.84417746685355]]}},{"type":"Feature","id":1259,"properties":{"sid":1259,"lb_mm":0,"exact":0,"gw_mm":102162,"detail_id":1259},"geometry":{"type":"LineString","coordinates":[[-87.72935840038318,41.97186151670502],[-87.72812601268502,41.9718761572222]]}},{"type":"Feature","id":1260,"properties":{"sid":1260,"lb_mm":0,"exact":0,"gw_mm":101705,"detail_id":1260},"geometry":{"type":"LineString","coordinates":[[-87.72940598751181,41.84417746685355],[-87.72943537142548,41.8450928879804]]}},{"type":"Feature","id":1261,"properties":{"sid":1261,"lb_mm":0,"exact":0,"gw_mm":101324,"detail_id":1261},"geometry":{"type":"LineString","coordinates":[[-87.72943537142548,41.8450928879804],[-87.72946361290329,41.84600489603402]]}},{"type":"Feature","id":1262,"properties":{"sid":1262,"lb_mm":0,"exact":0,"gw_mm":101348,"detail_id":1262},"geometry":{"type":"LineString","coordinates":[[-87.72946361290329,41.84600489603402],[-87.72948995261956,41.84691714783768]]}},{"type":"Feature","id":1263,"properties":{"sid":1263,"lb_mm":0,"exact":0,"gw_mm":58122,"detail_id":1263},"geometry":{"type":"LineString","coordinates":[[-87.72948995261956,41.84691714783768],[-87.72950173383353,41.84744036027385]]}},{"type":"Feature","id":1264,"properties":{"sid":1264,"lb_mm":0,"exact":0,"gw_mm":161486,"detail_id":1264},"geometry":{"type":"LineString","coordinates":[[-87.72950173383353,41.84744036027385],[-87.72954730638999,41.84889386756346]]}},{"type":"Feature","id":1265,"properties":{"sid":1265,"lb_mm":0,"exact":0,"gw_mm":84663,"detail_id":1265},"geometry":{"type":"LineString","coordinates":[[-87.72953586062008,41.84951352894386],[-87.72955339631085,41.85027566136427]]}},{"type":"Feature","id":1266,"properties":{"sid":1266,"lb_mm":0,"exact":0,"gw_mm":14032,"detail_id":1266},"geometry":{"type":"LineString","coordinates":[[-87.7295467554197,41.84938746109244],[-87.72953586062008,41.84951352894386]]}},{"type":"Feature","id":1267,"properties":{"sid":1267,"lb_mm":0,"exact":0,"gw_mm":29124,"detail_id":1267},"geometry":{"type":"LineString","coordinates":[[-87.72954730638999,41.84889386756346],[-87.72955472147726,41.84915601831681]]}},{"type":"Feature","id":1268,"properties":{"sid":1268,"lb_mm":0,"exact":0,"gw_mm":132772,"detail_id":1268},"geometry":{"type":"LineString","coordinates":[[-87.72955339631085,41.85027566136427],[-87.72959986908826,41.85147054624362]]}},{"type":"Feature","id":1269,"properties":{"sid":1269,"lb_mm":0,"exact":0,"gw_mm":11655,"detail_id":1269},"geometry":{"type":"LineString","coordinates":[[-87.72955472147726,41.84915601831681],[-87.72955768950375,41.84926092436282]]}},{"type":"Feature","id":1270,"properties":{"sid":1270,"lb_mm":0,"exact":0,"gw_mm":14084,"detail_id":1270},"geometry":{"type":"LineString","coordinates":[[-87.72955768950375,41.84926092436282],[-87.7295467554197,41.84938746109244]]}},{"type":"Feature","id":1271,"properties":{"sid":1271,"lb_mm":0,"exact":0,"gw_mm":2053945,"detail_id":1271},"geometry":{"type":"LineString","coordinates":[[-87.72959986908826,41.85147054624362],[-87.73019330829997,41.869957473803986]]}},{"type":"Feature","id":1272,"properties":{"sid":1272,"lb_mm":0,"exact":0,"gw_mm":380064,"detail_id":1272},"geometry":{"type":"LineString","coordinates":[[-87.73019330829997,41.869957473803986],[-87.73030681844953,41.87337824140063]]}},{"type":"Feature","id":1273,"properties":{"sid":1273,"lb_mm":0,"exact":0,"gw_mm":853980,"detail_id":1273},"geometry":{"type":"LineString","coordinates":[[-87.73034017603469,41.87429174553953],[-87.73060952551316,41.88197771021755]]}},{"type":"Feature","id":1274,"properties":{"sid":1274,"lb_mm":0,"exact":0,"gw_mm":100903,"detail_id":1274},"geometry":{"type":"LineString","coordinates":[[-87.73047064291214,41.838646037177746],[-87.72925597290013,41.83866059919962]]}},{"type":"Feature","id":1275,"properties":{"sid":1275,"lb_mm":0,"exact":0,"gw_mm":38199,"detail_id":1275},"geometry":{"type":"LineString","coordinates":[[-87.7305039688604,41.94314575185367],[-87.73079265318083,41.94287775085674]]}},{"type":"Feature","id":1276,"properties":{"sid":1276,"lb_mm":0,"exact":0,"gw_mm":101020,"detail_id":1276},"geometry":{"type":"LineString","coordinates":[[-87.73052447948686,41.84048224412446],[-87.72930839719552,41.84049836044246]]}},{"type":"Feature","id":1277,"properties":{"sid":1277,"lb_mm":0,"exact":0,"gw_mm":102036,"detail_id":1277},"geometry":{"type":"LineString","coordinates":[[-87.73058930312023,41.97184884398478],[-87.72935840038318,41.97186151670502]]}},{"type":"Feature","id":1278,"properties":{"sid":1278,"lb_mm":0,"exact":0,"gw_mm":146522,"detail_id":1278},"geometry":{"type":"LineString","coordinates":[[-87.73060952551316,41.88197771021755],[-87.73064734105662,41.88329658464777]]}},{"type":"Feature","id":1279,"properties":{"sid":1279,"lb_mm":0,"exact":0,"gw_mm":270804,"detail_id":1279},"geometry":{"type":"LineString","coordinates":[[-87.73064734105662,41.88329658464777],[-87.73072015862827,41.885734093571315]]}},{"type":"Feature","id":1280,"properties":{"sid":1280,"lb_mm":0,"exact":0,"gw_mm":21897,"detail_id":1280},"geometry":{"type":"LineString","coordinates":[[-87.73079265318083,41.94287775085674],[-87.73078688132603,41.942680658464134]]}},{"type":"Feature","id":1281,"properties":{"sid":1281,"lb_mm":0,"exact":0,"gw_mm":202818,"detail_id":1281},"geometry":{"type":"LineString","coordinates":[[-87.73116838802278,41.86242442616233],[-87.72872618134268,41.86246267019904]]}},{"type":"Feature","id":1282,"properties":{"sid":1282,"lb_mm":0,"exact":0,"gw_mm":100911,"detail_id":1282},"geometry":{"type":"LineString","coordinates":[[-87.73168541292375,41.83863179776203],[-87.73047064291214,41.838646037177746]]}},{"type":"Feature","id":1283,"properties":{"sid":1283,"lb_mm":0,"exact":0,"gw_mm":101023,"detail_id":1283},"geometry":{"type":"LineString","coordinates":[[-87.73174061342942,41.840466978633756],[-87.73052447948686,41.84048224412446]]}},{"type":"Feature","id":1284,"properties":{"sid":1284,"lb_mm":0,"exact":0,"gw_mm":102474,"detail_id":1284},"geometry":{"type":"LineString","coordinates":[[-87.73182550415176,41.97183682415826],[-87.73058930312023,41.97184884398478]]}},{"type":"Feature","id":1285,"properties":{"sid":1285,"lb_mm":0,"exact":0,"gw_mm":193939,"detail_id":1285},"geometry":{"type":"LineString","coordinates":[[-87.73187521294416,41.973582482921614],[-87.73182550415176,41.97183682415826]]}},{"type":"Feature","id":1286,"properties":{"sid":1286,"lb_mm":0,"exact":0,"gw_mm":110641,"detail_id":1286},"geometry":{"type":"LineString","coordinates":[[-87.73212090517627,41.94266304375718],[-87.73078688132603,41.942680658464134]]}},{"type":"Feature","id":1287,"properties":{"sid":1287,"lb_mm":0,"exact":0,"gw_mm":100963,"detail_id":1287},"geometry":{"type":"LineString","coordinates":[[-87.73290077575275,41.83861603781041],[-87.73168541292375,41.83863179776203]]}},{"type":"Feature","id":1288,"properties":{"sid":1288,"lb_mm":0,"exact":0,"gw_mm":101202,"detail_id":1288},"geometry":{"type":"LineString","coordinates":[[-87.73295890397046,41.84045201765585],[-87.73174061342942,41.840466978633756]]}},{"type":"Feature","id":1289,"properties":{"sid":1289,"lb_mm":0,"exact":0,"gw_mm":110104,"detail_id":1289},"geometry":{"type":"LineString","coordinates":[[-87.73344843234815,41.94264474667045],[-87.73212090517627,41.94266304375718]]}},{"type":"Feature","id":1290,"properties":{"sid":1290,"lb_mm":0,"exact":0,"gw_mm":101077,"detail_id":1290},"geometry":{"type":"LineString","coordinates":[[-87.73411752357175,41.83860094658345],[-87.73290077575275,41.83861603781041]]}},{"type":"Feature","id":1291,"properties":{"sid":1291,"lb_mm":0,"exact":0,"gw_mm":100567,"detail_id":1291},"geometry":{"type":"LineString","coordinates":[[-87.73416952533793,41.840436056580565],[-87.73295890397046,41.84045201765585]]}},{"type":"Feature","id":1292,"properties":{"sid":1292,"lb_mm":0,"exact":0,"gw_mm":203321,"detail_id":1292},"geometry":{"type":"LineString","coordinates":[[-87.73422325516903,41.92801546391999],[-87.73177225685586,41.928044486667034]]}},{"type":"Feature","id":1293,"properties":{"sid":1293,"lb_mm":0,"exact":0,"gw_mm":101559,"detail_id":1293},"geometry":{"type":"LineString","coordinates":[[-87.73467294560604,41.94262853872615],[-87.73344843234815,41.94264474667045]]}},{"type":"Feature","id":1294,"properties":{"sid":1294,"lb_mm":0,"exact":0,"gw_mm":305092,"detail_id":1294},"geometry":{"type":"LineString","coordinates":[[-87.73484225505459,41.862372670099504],[-87.73116838802278,41.86242442616233]]}},{"type":"Feature","id":1295,"properties":{"sid":1295,"lb_mm":0,"exact":0,"gw_mm":102324,"detail_id":1295},"geometry":{"type":"LineString","coordinates":[[-87.73590672265959,41.94261383436651],[-87.73467294560604,41.94262853872615]]}},{"type":"Feature","id":1296,"properties":{"sid":1296,"lb_mm":0,"exact":0,"gw_mm":206101,"detail_id":1296},"geometry":{"type":"LineString","coordinates":[[-87.73670768067296,41.92798267579661],[-87.73422325516903,41.92801546391999]]}},{"type":"Feature","id":1297,"properties":{"sid":1297,"lb_mm":0,"exact":0,"gw_mm":399538,"detail_id":1297},"geometry":{"type":"LineString","coordinates":[[-87.73672462812416,41.928489430071174],[-87.74154081641234,41.92842398732668]]}},{"type":"Feature","id":1298,"properties":{"sid":1298,"lb_mm":0,"exact":0,"gw_mm":74518,"detail_id":1298},"geometry":{"type":"LineString","coordinates":[[-87.7367299354767,41.92865337082549],[-87.73670768067296,41.92798267579661]]}},{"type":"Feature","id":1299,"properties":{"sid":1299,"lb_mm":0,"exact":0,"gw_mm":116820,"detail_id":1299},"geometry":{"type":"LineString","coordinates":[[-87.73731523501351,41.94259508562649],[-87.73590672265959,41.94261383436651]]}},{"type":"Feature","id":1300,"properties":{"sid":1300,"lb_mm":0,"exact":0,"gw_mm":87302,"detail_id":1300},"geometry":{"type":"LineString","coordinates":[[-87.7383678285344,41.94258037478341],[-87.73731523501351,41.94259508562649]]}},{"type":"Feature","id":1301,"properties":{"sid":1301,"lb_mm":0,"exact":0,"gw_mm":37801,"detail_id":1301},"geometry":{"type":"LineString","coordinates":[[-87.73912554788097,41.92828210656306],[-87.73913800893594,41.92862230500601]]}},{"type":"Feature","id":1302,"properties":{"sid":1302,"lb_mm":0,"exact":0,"gw_mm":220976,"detail_id":1302},"geometry":{"type":"LineString","coordinates":[[-87.73913800893594,41.92862230500601],[-87.73920742085596,41.930611113052564]]}},{"type":"Feature","id":1303,"properties":{"sid":1303,"lb_mm":0,"exact":0,"gw_mm":112310,"detail_id":1303},"geometry":{"type":"LineString","coordinates":[[-87.73920742085596,41.930611113052564],[-87.73924364727861,41.931621899056374]]}},{"type":"Feature","id":1304,"properties":{"sid":1304,"lb_mm":0,"exact":0,"gw_mm":202730,"detail_id":1304},"geometry":{"type":"LineString","coordinates":[[-87.73924364727861,41.931621899056374],[-87.73930416529099,41.93344655068424]]}},{"type":"Feature","id":1305,"properties":{"sid":1305,"lb_mm":0,"exact":0,"gw_mm":202819,"detail_id":1305},"geometry":{"type":"LineString","coordinates":[[-87.73930416529099,41.93344655068424],[-87.7393663417428,41.935271977372736]]}},{"type":"Feature","id":1306,"properties":{"sid":1306,"lb_mm":0,"exact":0,"gw_mm":202582,"detail_id":1306},"geometry":{"type":"LineString","coordinates":[[-87.7393663417428,41.935271977372736],[-87.73942975065705,41.93709524002677]]}},{"type":"Feature","id":1307,"properties":{"sid":1307,"lb_mm":0,"exact":0,"gw_mm":202807,"detail_id":1307},"geometry":{"type":"LineString","coordinates":[[-87.73942975065705,41.93709524002677],[-87.73949228265616,41.93892054399785]]}},{"type":"Feature","id":1308,"properties":{"sid":1308,"lb_mm":0,"exact":0,"gw_mm":202541,"detail_id":1308},"geometry":{"type":"LineString","coordinates":[[-87.73949228265616,41.93892054399785],[-87.73954479909456,41.9407436329665]]}},{"type":"Feature","id":1309,"properties":{"sid":1309,"lb_mm":0,"exact":0,"gw_mm":202820,"detail_id":1309},"geometry":{"type":"LineString","coordinates":[[-87.73954479909456,41.9407436329665],[-87.7395972560518,41.94256923116044]]}},{"type":"Feature","id":1310,"properties":{"sid":1310,"lb_mm":0,"exact":0,"gw_mm":101958,"detail_id":1310},"geometry":{"type":"LineString","coordinates":[[-87.7395972560518,41.94256923116044],[-87.7383678285344,41.94258037478341]]}},{"type":"Feature","id":1311,"properties":{"sid":1311,"lb_mm":0,"exact":0,"gw_mm":404183,"detail_id":1311},"geometry":{"type":"LineString","coordinates":[[-87.7395972560518,41.94256923116044],[-87.73970006618039,41.94620734655896]]}},{"type":"Feature","id":1312,"properties":{"sid":1312,"lb_mm":0,"exact":0,"gw_mm":101926,"detail_id":1312},"geometry":{"type":"LineString","coordinates":[[-87.74082633907588,41.94256099687448],[-87.7395972560518,41.94256923116044]]}},{"type":"Feature","id":1313,"properties":{"sid":1313,"lb_mm":0,"exact":0,"gw_mm":37429,"detail_id":1313},"geometry":{"type":"LineString","coordinates":[[-87.74199180029198,41.92841226020423],[-87.74154081641234,41.92842398732668]]}},{"type":"Feature","id":1314,"properties":{"sid":1314,"lb_mm":0,"exact":0,"gw_mm":98278,"detail_id":1314},"geometry":{"type":"LineString","coordinates":[[-87.74201121882639,41.94254228589778],[-87.74082633907588,41.94256099687448]]}},{"type":"Feature","id":1315,"properties":{"sid":1315,"lb_mm":0,"exact":0,"gw_mm":46987,"detail_id":1315},"geometry":{"type":"LineString","coordinates":[[-87.74257738708747,41.94252550740868],[-87.74201121882639,41.94254228589778]]}},{"type":"Feature","id":1316,"properties":{"sid":1316,"lb_mm":0,"exact":0,"gw_mm":31262,"detail_id":1316},"geometry":{"type":"LineString","coordinates":[[-87.7429543690345,41.942523638060194],[-87.74257738708747,41.94252550740868]]}},{"type":"Feature","id":1317,"properties":{"sid":1317,"lb_mm":0,"exact":0,"gw_mm":85990,"detail_id":1317},"geometry":{"type":"LineString","coordinates":[[-87.74399126354105,41.94251498381831],[-87.7429543690345,41.942523638060194]]}},{"type":"Feature","id":1318,"properties":{"sid":1318,"lb_mm":0,"exact":0,"gw_mm":108254,"detail_id":1318},"geometry":{"type":"LineString","coordinates":[[-87.74529637938518,41.942493300624115],[-87.74399126354105,41.94251498381831]]}},{"type":"Feature","id":1319,"properties":{"sid":1319,"lb_mm":0,"exact":0,"gw_mm":370612,"detail_id":1319},"geometry":{"type":"LineString","coordinates":[[-87.74645958863601,41.9283649918894],[-87.74199180029198,41.92841226020423]]}},{"type":"Feature","id":1320,"properties":{"sid":1320,"lb_mm":0,"exact":0,"gw_mm":69588,"detail_id":1320},"geometry":{"type":"LineString","coordinates":[[-87.74646604035182,41.92852742191329],[-87.74643960697453,41.92790121894323]]}},{"type":"Feature","id":1321,"properties":{"sid":1321,"lb_mm":0,"exact":0,"gw_mm":137893,"detail_id":1321},"geometry":{"type":"LineString","coordinates":[[-87.74695890309808,41.94246863149827],[-87.74529637938518,41.942493300624115]]}},{"type":"Feature","id":1322,"properties":{"sid":1322,"lb_mm":0,"exact":0,"gw_mm":110093,"detail_id":1322},"geometry":{"type":"LineString","coordinates":[[-87.74913960535346,41.873019183576716],[-87.74917592883122,41.8740100102424]]}},{"type":"Feature","id":1323,"properties":{"sid":1323,"lb_mm":0,"exact":0,"gw_mm":100456,"detail_id":1323},"geometry":{"type":"LineString","coordinates":[[-87.74917592883122,41.8740100102424],[-87.74921017611946,41.874914082573476]]}},{"type":"Feature","id":1324,"properties":{"sid":1324,"lb_mm":0,"exact":0,"gw_mm":100640,"detail_id":1324},"geometry":{"type":"LineString","coordinates":[[-87.74921017611946,41.874914082573476],[-87.74924237167735,41.87581985137018]]}},{"type":"Feature","id":1325,"properties":{"sid":1325,"lb_mm":0,"exact":0,"gw_mm":100416,"detail_id":1325},"geometry":{"type":"LineString","coordinates":[[-87.74924237167735,41.87581985137018],[-87.74927630460468,41.87672356436589]]}},{"type":"Feature","id":1326,"properties":{"sid":1326,"lb_mm":0,"exact":0,"gw_mm":100846,"detail_id":1326},"geometry":{"type":"LineString","coordinates":[[-87.74927630460468,41.87672356436589],[-87.74930998013687,41.87763115818198]]}},{"type":"Feature","id":1327,"properties":{"sid":1327,"lb_mm":0,"exact":0,"gw_mm":100609,"detail_id":1327},"geometry":{"type":"LineString","coordinates":[[-87.74930998013687,41.87763115818198],[-87.74934301074549,41.878536634562195]]}},{"type":"Feature","id":1328,"properties":{"sid":1328,"lb_mm":0,"exact":0,"gw_mm":100667,"detail_id":1328},"geometry":{"type":"LineString","coordinates":[[-87.74934301074549,41.878536634562195],[-87.74937545659776,41.87944264442317]]}},{"type":"Feature","id":1329,"properties":{"sid":1329,"lb_mm":0,"exact":0,"gw_mm":110511,"detail_id":1329},"geometry":{"type":"LineString","coordinates":[[-87.74937545659776,41.87944264442317],[-87.74940580305552,41.88043734431804]]}},{"type":"Feature","id":1330,"properties":{"sid":1330,"lb_mm":0,"exact":0,"gw_mm":205750,"detail_id":1330},"geometry":{"type":"LineString","coordinates":[[-87.74943969188506,41.94243691676795],[-87.74695890309808,41.94246863149827]]}},{"type":"Feature","id":1331,"properties":{"sid":1331,"lb_mm":0,"exact":0,"gw_mm":146355,"detail_id":1331},"geometry":{"type":"LineString","coordinates":[[-87.75016745810467,41.88042691259727],[-87.75021745947898,41.881744049848024]]}},{"type":"Feature","id":1332,"properties":{"sid":1332,"lb_mm":0,"exact":0,"gw_mm":146141,"detail_id":1332},"geometry":{"type":"LineString","coordinates":[[-87.75021745947898,41.881744049848024],[-87.75026332997076,41.883059346214445]]}},{"type":"Feature","id":1333,"properties":{"sid":1333,"lb_mm":0,"exact":0,"gw_mm":146482,"detail_id":1333},"geometry":{"type":"LineString","coordinates":[[-87.75026332997076,41.883059346214445],[-87.75031117570639,41.8843776738417]]}},{"type":"Feature","id":1334,"properties":{"sid":1334,"lb_mm":0,"exact":0,"gw_mm":145563,"detail_id":1334},"geometry":{"type":"LineString","coordinates":[[-87.75031117570639,41.8843776738417],[-87.75035731841616,41.88568776338105]]}},{"type":"Feature","id":1335,"properties":{"sid":1335,"lb_mm":0,"exact":0,"gw_mm":135050,"detail_id":1335},"geometry":{"type":"LineString","coordinates":[[-87.75035731841616,41.88568776338105],[-87.75040085173441,41.886903219756206]]}},{"type":"Feature","id":1336,"properties":{"sid":1336,"lb_mm":0,"exact":0,"gw_mm":106066,"detail_id":1336},"geometry":{"type":"LineString","coordinates":[[-87.75040085173441,41.886903219756206],[-87.750437323847,41.88785776967331]]}},{"type":"Feature","id":1337,"properties":{"sid":1337,"lb_mm":0,"exact":0,"gw_mm":50696,"detail_id":1337},"geometry":{"type":"LineString","coordinates":[[-87.750437323847,41.88785776967331],[-87.75045516595908,41.88831400113972]]}},{"type":"Feature","id":1338,"properties":{"sid":1338,"lb_mm":0,"exact":0,"gw_mm":35807,"detail_id":1338},"geometry":{"type":"LineString","coordinates":[[-87.75045516595908,41.88831400113972],[-87.75046879598125,41.888636216982135]]}},{"type":"Feature","id":1339,"properties":{"sid":1339,"lb_mm":0,"exact":0,"gw_mm":78988,"detail_id":1339},"geometry":{"type":"LineString","coordinates":[[-87.75046879598125,41.888636216982135],[-87.75049540548025,41.88934708419189]]}},{"type":"Feature","id":1340,"properties":{"sid":1340,"lb_mm":0,"exact":0,"gw_mm":18778,"detail_id":1340},"geometry":{"type":"LineString","coordinates":[[-87.75049540548025,41.88934708419189],[-87.75050182302034,41.889516080207954]]}},{"type":"Feature","id":1341,"properties":{"sid":1341,"lb_mm":0,"exact":0,"gw_mm":100935,"detail_id":1341},"geometry":{"type":"LineString","coordinates":[[-87.75050182302034,41.889516080207954],[-87.75053620502082,41.89042446217057]]}},{"type":"Feature","id":1342,"properties":{"sid":1342,"lb_mm":0,"exact":0,"gw_mm":100276,"detail_id":1342},"geometry":{"type":"LineString","coordinates":[[-87.75053620502082,41.89042446217057],[-87.75056970540832,41.8913269233669]]}},{"type":"Feature","id":1343,"properties":{"sid":1343,"lb_mm":0,"exact":0,"gw_mm":99004,"detail_id":1343},"geometry":{"type":"LineString","coordinates":[[-87.75056970540832,41.8913269233669],[-87.75060182951196,41.89221796020771]]}},{"type":"Feature","id":1344,"properties":{"sid":1344,"lb_mm":0,"exact":0,"gw_mm":99349,"detail_id":1344},"geometry":{"type":"LineString","coordinates":[[-87.75060182951196,41.89221796020771],[-87.75063713328333,41.89311203187992]]}},{"type":"Feature","id":1345,"properties":{"sid":1345,"lb_mm":0,"exact":0,"gw_mm":99417,"detail_id":1345},"geometry":{"type":"LineString","coordinates":[[-87.75063713328333,41.89311203187992],[-87.75066653746924,41.89400684056054]]}},{"type":"Feature","id":1346,"properties":{"sid":1346,"lb_mm":0,"exact":0,"gw_mm":105505,"detail_id":1346},"geometry":{"type":"LineString","coordinates":[[-87.75066653746924,41.89400684056054],[-87.75070008294247,41.89495639369873]]}},{"type":"Feature","id":1347,"properties":{"sid":1347,"lb_mm":0,"exact":0,"gw_mm":105205,"detail_id":1347},"geometry":{"type":"LineString","coordinates":[[-87.75070008294247,41.89495639369873],[-87.7507233406321,41.89590341584139]]}},{"type":"Feature","id":1348,"properties":{"sid":1348,"lb_mm":0,"exact":0,"gw_mm":97973,"detail_id":1348},"geometry":{"type":"LineString","coordinates":[[-87.7507233406321,41.89590341584139],[-87.75074291462825,41.89678537226356]]}},{"type":"Feature","id":1349,"properties":{"sid":1349,"lb_mm":0,"exact":0,"gw_mm":101173,"detail_id":1349},"geometry":{"type":"LineString","coordinates":[[-87.75074291462825,41.89678537226356],[-87.75076305877788,41.89769612881564]]}},{"type":"Feature","id":1350,"properties":{"sid":1350,"lb_mm":0,"exact":0,"gw_mm":103137,"detail_id":1350},"geometry":{"type":"LineString","coordinates":[[-87.75076305877788,41.89769612881564],[-87.7507848118947,41.898624549948444]]}},{"type":"Feature","id":1351,"properties":{"sid":1351,"lb_mm":0,"exact":0,"gw_mm":101777,"detail_id":1351},"geometry":{"type":"LineString","coordinates":[[-87.7507848118947,41.898624549948444],[-87.75080509789153,41.89954074587666]]}},{"type":"Feature","id":1352,"properties":{"sid":1352,"lb_mm":0,"exact":0,"gw_mm":102077,"detail_id":1352},"geometry":{"type":"LineString","coordinates":[[-87.75080509789153,41.89954074587666],[-87.7508246148936,41.90045965408043]]}},{"type":"Feature","id":1353,"properties":{"sid":1353,"lb_mm":0,"exact":0,"gw_mm":203714,"detail_id":1353},"geometry":{"type":"LineString","coordinates":[[-87.7508246148936,41.90045965408043],[-87.75086672471855,41.90229347013047]]}},{"type":"Feature","id":1354,"properties":{"sid":1354,"lb_mm":0,"exact":0,"gw_mm":100940,"detail_id":1354},"geometry":{"type":"LineString","coordinates":[[-87.75086672471855,41.90229347013047],[-87.75088737263924,41.903202125160576]]}},{"type":"Feature","id":1355,"properties":{"sid":1355,"lb_mm":0,"exact":0,"gw_mm":100762,"detail_id":1355},"geometry":{"type":"LineString","coordinates":[[-87.75088737263924,41.903202125160576],[-87.75090840324106,41.90410916767803]]}},{"type":"Feature","id":1356,"properties":{"sid":1356,"lb_mm":0,"exact":0,"gw_mm":100664,"detail_id":1356},"geometry":{"type":"LineString","coordinates":[[-87.75090840324106,41.90410916767803],[-87.75092919756446,41.90501533732369]]}},{"type":"Feature","id":1357,"properties":{"sid":1357,"lb_mm":0,"exact":0,"gw_mm":101069,"detail_id":1357},"geometry":{"type":"LineString","coordinates":[[-87.75092919756446,41.90501533732369],[-87.75094978801582,41.90592515666383]]}},{"type":"Feature","id":1358,"properties":{"sid":1358,"lb_mm":0,"exact":0,"gw_mm":203425,"detail_id":1358},"geometry":{"type":"LineString","coordinates":[[-87.75189243857706,41.942405286426],[-87.74943969188506,41.94243691676795]]}},{"type":"Feature","id":1359,"properties":{"sid":1359,"lb_mm":0,"exact":0,"gw_mm":203657,"detail_id":1359},"geometry":{"type":"LineString","coordinates":[[-87.7543479856577,41.94237377535973],[-87.75189243857706,41.942405286426]]}},{"type":"Feature","id":1360,"properties":{"sid":1360,"lb_mm":0,"exact":0,"gw_mm":33953,"detail_id":1360},"geometry":{"type":"LineString","coordinates":[[-87.75619951393088,41.91314422338354],[-87.75579031092145,41.913148750131725]]}},{"type":"Feature","id":1361,"properties":{"sid":1361,"lb_mm":0,"exact":0,"gw_mm":816043,"detail_id":1361},"geometry":{"type":"LineString","coordinates":[[-87.75627648275022,41.927770002905056],[-87.74643960697453,41.92790121894323]]}},{"type":"Feature","id":1362,"properties":{"sid":1362,"lb_mm":0,"exact":0,"gw_mm":203436,"detail_id":1362},"geometry":{"type":"LineString","coordinates":[[-87.75680088933406,41.942343349121764],[-87.7543479856577,41.94237377535973]]}},{"type":"Feature","id":1363,"properties":{"sid":1363,"lb_mm":0,"exact":0,"gw_mm":67614,"detail_id":1363},"geometry":{"type":"LineString","coordinates":[[-87.75701438588388,41.91313420332018],[-87.75619951393088,41.91314422338354]]}},{"type":"Feature","id":1364,"properties":{"sid":1364,"lb_mm":0,"exact":0,"gw_mm":101336,"detail_id":1364},"geometry":{"type":"LineString","coordinates":[[-87.75823566351676,41.91311848511885],[-87.75701438588388,41.91313420332018]]}},{"type":"Feature","id":1365,"properties":{"sid":1365,"lb_mm":0,"exact":0,"gw_mm":203624,"detail_id":1365},"geometry":{"type":"LineString","coordinates":[[-87.75925602929178,41.94231194800898],[-87.75680088933406,41.942343349121764]]}},{"type":"Feature","id":1366,"properties":{"sid":1366,"lb_mm":0,"exact":0,"gw_mm":101472,"detail_id":1366},"geometry":{"type":"LineString","coordinates":[[-87.75945856829881,41.91310217683905],[-87.75823566351676,41.91311848511885]]}},{"type":"Feature","id":1367,"properties":{"sid":1367,"lb_mm":0,"exact":0,"gw_mm":101334,"detail_id":1367},"geometry":{"type":"LineString","coordinates":[[-87.76067979865635,41.9130856851223],[-87.75945856829881,41.91310217683905]]}},{"type":"Feature","id":1368,"properties":{"sid":1368,"lb_mm":0,"exact":0,"gw_mm":397378,"detail_id":1368},"geometry":{"type":"LineString","coordinates":[[-87.76106669878327,41.92770957516931],[-87.75627648275022,41.927770002905056]]}},{"type":"Feature","id":1369,"properties":{"sid":1369,"lb_mm":0,"exact":0,"gw_mm":20103,"detail_id":1369},"geometry":{"type":"LineString","coordinates":[[-87.76130564936473,41.927679289213145],[-87.76106669878327,41.92770957516931]]}},{"type":"Feature","id":1370,"properties":{"sid":1370,"lb_mm":0,"exact":0,"gw_mm":101369,"detail_id":1370},"geometry":{"type":"LineString","coordinates":[[-87.76159010527284,41.93862962890151],[-87.76162036237601,41.939541987798385]]}},{"type":"Feature","id":1371,"properties":{"sid":1371,"lb_mm":0,"exact":0,"gw_mm":101494,"detail_id":1371},"geometry":{"type":"LineString","coordinates":[[-87.76162036237601,41.939541987798385],[-87.76165135548875,41.940455460320216]]}},{"type":"Feature","id":1372,"properties":{"sid":1372,"lb_mm":0,"exact":0,"gw_mm":101479,"detail_id":1372},"geometry":{"type":"LineString","coordinates":[[-87.76165135548875,41.940455460320216],[-87.76168149661876,41.94136881410611]]}},{"type":"Feature","id":1373,"properties":{"sid":1373,"lb_mm":0,"exact":0,"gw_mm":101257,"detail_id":1373},"geometry":{"type":"LineString","coordinates":[[-87.76168149661876,41.94136881410611],[-87.7617079366641,41.94228023430568]]}},{"type":"Feature","id":1374,"properties":{"sid":1374,"lb_mm":0,"exact":0,"gw_mm":203356,"detail_id":1374},"geometry":{"type":"LineString","coordinates":[[-87.7617079366641,41.94228023430568],[-87.75925602929178,41.94231194800898]]}},{"type":"Feature","id":1375,"properties":{"sid":1375,"lb_mm":0,"exact":0,"gw_mm":101321,"detail_id":1375},"geometry":{"type":"LineString","coordinates":[[-87.7617079366641,41.94228023430568],[-87.76173846580681,41.94319215549137]]}},{"type":"Feature","id":1376,"properties":{"sid":1376,"lb_mm":0,"exact":0,"gw_mm":101530,"detail_id":1376},"geometry":{"type":"LineString","coordinates":[[-87.76173846580681,41.94319215549137],[-87.76176942753872,41.94410595227247]]}},{"type":"Feature","id":1377,"properties":{"sid":1377,"lb_mm":0,"exact":0,"gw_mm":101216,"detail_id":1377},"geometry":{"type":"LineString","coordinates":[[-87.76176942753872,41.94410595227247],[-87.76180017043201,41.945016923468394]]}},{"type":"Feature","id":1378,"properties":{"sid":1378,"lb_mm":0,"exact":0,"gw_mm":101768,"detail_id":1378},"geometry":{"type":"LineString","coordinates":[[-87.76180017043201,41.945016923468394],[-87.76183018092034,41.94593287871089]]}},{"type":"Feature","id":1379,"properties":{"sid":1379,"lb_mm":0,"exact":0,"gw_mm":101554,"detail_id":1379},"geometry":{"type":"LineString","coordinates":[[-87.76183018092034,41.94593287871089],[-87.76186126597203,41.94684688722898]]}},{"type":"Feature","id":1380,"properties":{"sid":1380,"lb_mm":0,"exact":0,"gw_mm":101273,"detail_id":1380},"geometry":{"type":"LineString","coordinates":[[-87.76186126597203,41.94684688722898],[-87.76189174712529,41.947758377060794]]}},{"type":"Feature","id":1381,"properties":{"sid":1381,"lb_mm":0,"exact":0,"gw_mm":101647,"detail_id":1381},"geometry":{"type":"LineString","coordinates":[[-87.76189174712529,41.947758377060794],[-87.76192176585356,41.94867324608824]]}},{"type":"Feature","id":1382,"properties":{"sid":1382,"lb_mm":0,"exact":0,"gw_mm":101422,"detail_id":1382},"geometry":{"type":"LineString","coordinates":[[-87.76190210370162,41.91306958821461],[-87.76067979865635,41.9130856851223]]}},{"type":"Feature","id":1383,"properties":{"sid":1383,"lb_mm":0,"exact":0,"gw_mm":14823,"detail_id":1383},"geometry":{"type":"LineString","coordinates":[[-87.76192176585356,41.94867324608824],[-87.76192577001859,41.948806661940985]]}},{"type":"Feature","id":1384,"properties":{"sid":1384,"lb_mm":0,"exact":0,"gw_mm":86046,"detail_id":1384},"geometry":{"type":"LineString","coordinates":[[-87.76192577001859,41.948806661940985],[-87.76195302886572,41.949581078758726]]}},{"type":"Feature","id":1385,"properties":{"sid":1385,"lb_mm":0,"exact":0,"gw_mm":12210,"detail_id":1385},"geometry":{"type":"LineString","coordinates":[[-87.76195302886572,41.949581078758726],[-87.7619564544121,41.949690974135656]]}},{"type":"Feature","id":1386,"properties":{"sid":1386,"lb_mm":0,"exact":0,"gw_mm":89551,"detail_id":1386},"geometry":{"type":"LineString","coordinates":[[-87.7619564544121,41.949690974135656],[-87.7619829578614,41.95049697341553]]}},{"type":"Feature","id":1387,"properties":{"sid":1387,"lb_mm":0,"exact":0,"gw_mm":9204,"detail_id":1387},"geometry":{"type":"LineString","coordinates":[[-87.7619829578614,41.95049697341553],[-87.76198598712969,41.950579808226024]]}},{"type":"Feature","id":1388,"properties":{"sid":1388,"lb_mm":0,"exact":0,"gw_mm":89590,"detail_id":1388},"geometry":{"type":"LineString","coordinates":[[-87.76198598712969,41.950579808226024],[-87.76200958216577,41.95138620435491]]}},{"type":"Feature","id":1389,"properties":{"sid":1389,"lb_mm":0,"exact":0,"gw_mm":8395,"detail_id":1389},"geometry":{"type":"LineString","coordinates":[[-87.76200958216577,41.95138620435491],[-87.76201192145086,41.95146176373851]]}},{"type":"Feature","id":1390,"properties":{"sid":1390,"lb_mm":0,"exact":0,"gw_mm":91721,"detail_id":1390},"geometry":{"type":"LineString","coordinates":[[-87.76201192145086,41.95146176373851],[-87.76203726481431,41.95228732299594]]}},{"type":"Feature","id":1391,"properties":{"sid":1391,"lb_mm":0,"exact":0,"gw_mm":6889,"detail_id":1391},"geometry":{"type":"LineString","coordinates":[[-87.76203726481431,41.95228732299594],[-87.76203951896792,41.95234932564971]]}},{"type":"Feature","id":1392,"properties":{"sid":1392,"lb_mm":0,"exact":0,"gw_mm":98374,"detail_id":1392},"geometry":{"type":"LineString","coordinates":[[-87.76203951896792,41.95234932564971],[-87.76206997214473,41.95323471292184]]}},{"type":"Feature","id":1393,"properties":{"sid":1393,"lb_mm":0,"exact":0,"gw_mm":101503,"detail_id":1393},"geometry":{"type":"LineString","coordinates":[[-87.76312538529693,41.91305394501669],[-87.76190210370162,41.91306958821461]]}},{"type":"Feature","id":1394,"properties":{"sid":1394,"lb_mm":0,"exact":0,"gw_mm":1026227,"detail_id":1394},"geometry":{"type":"LineString","coordinates":[[-87.76335674920085,41.907588516282914],[-87.75098971101836,41.9077349487277]]}},{"type":"Feature","id":1395,"properties":{"sid":1395,"lb_mm":0,"exact":0,"gw_mm":58113,"detail_id":1395},"geometry":{"type":"LineString","coordinates":[[-87.76382571458437,41.91304364538712],[-87.76312538529693,41.91305394501669]]}},{"type":"Feature","id":1396,"properties":{"sid":1396,"lb_mm":0,"exact":0,"gw_mm":203992,"detail_id":1396},"geometry":{"type":"LineString","coordinates":[[-87.76416757154595,41.942251113006265],[-87.7617079366641,41.94228023430568]]}},{"type":"Feature","id":1397,"properties":{"sid":1397,"lb_mm":0,"exact":0,"gw_mm":43298,"detail_id":1397},"geometry":{"type":"LineString","coordinates":[[-87.76434757708674,41.91303920443063],[-87.76382571458437,41.91304364538712]]}},{"type":"Feature","id":1398,"properties":{"sid":1398,"lb_mm":0,"exact":0,"gw_mm":17300,"detail_id":1398},"geometry":{"type":"LineString","coordinates":[[-87.76455609520046,41.913037647202934],[-87.76434757708674,41.91303920443063]]}},{"type":"Feature","id":1399,"properties":{"sid":1399,"lb_mm":0,"exact":0,"gw_mm":77592,"detail_id":1399},"geometry":{"type":"LineString","coordinates":[[-87.76549108671885,41.913021028526515],[-87.76455609520046,41.913037647202934]]}},{"type":"Feature","id":1400,"properties":{"sid":1400,"lb_mm":0,"exact":0,"gw_mm":20532,"detail_id":1400},"geometry":{"type":"LineString","coordinates":[[-87.76562304009758,41.91266029885893],[-87.76563020068878,41.912845075495206]]}},{"type":"Feature","id":1401,"properties":{"sid":1401,"lb_mm":0,"exact":0,"gw_mm":11244,"detail_id":1401},"geometry":{"type":"LineString","coordinates":[[-87.765626617796,41.91302060566016],[-87.76549108671885,41.913021028526515]]}},{"type":"Feature","id":1402,"properties":{"sid":1402,"lb_mm":0,"exact":0,"gw_mm":19499,"detail_id":1402},"geometry":{"type":"LineString","coordinates":[[-87.76563020068878,41.912845075495206],[-87.765626617796,41.91302060566016]]}},{"type":"Feature","id":1403,"properties":{"sid":1403,"lb_mm":0,"exact":0,"gw_mm":1230580,"detail_id":1403},"geometry":{"type":"LineString","coordinates":[[-87.76577908024335,41.90575101397401],[-87.75094978801582,41.90592515666383]]}},{"type":"Feature","id":1404,"properties":{"sid":1404,"lb_mm":0,"exact":0,"gw_mm":206231,"detail_id":1404},"geometry":{"type":"LineString","coordinates":[[-87.76584200421674,41.90755806195219],[-87.76335674920085,41.907588516282914]]}},{"type":"Feature","id":1405,"properties":{"sid":1405,"lb_mm":0,"exact":0,"gw_mm":398799,"detail_id":1405},"geometry":{"type":"LineString","coordinates":[[-87.76611301454021,41.927619787945524],[-87.76130564936473,41.927679289213145]]}},{"type":"Feature","id":1406,"properties":{"sid":1406,"lb_mm":0,"exact":0,"gw_mm":203605,"detail_id":1406},"geometry":{"type":"LineString","coordinates":[[-87.76662249560995,41.942220035860736],[-87.76416757154595,41.942251113006265]]}},{"type":"Feature","id":1407,"properties":{"sid":1407,"lb_mm":0,"exact":0,"gw_mm":109208,"detail_id":1407},"geometry":{"type":"LineString","coordinates":[[-87.766939192833,41.912644076560895],[-87.76562304009758,41.91266029885893]]}},{"type":"Feature","id":1408,"properties":{"sid":1408,"lb_mm":0,"exact":0,"gw_mm":89956,"detail_id":1408},"geometry":{"type":"LineString","coordinates":[[-87.76802330313409,41.91263009131425],[-87.766939192833,41.912644076560895]]}},{"type":"Feature","id":1409,"properties":{"sid":1409,"lb_mm":0,"exact":0,"gw_mm":201803,"detail_id":1409},"geometry":{"type":"LineString","coordinates":[[-87.76905571118702,41.94219028237991],[-87.76662249560995,41.942220035860736]]}},{"type":"Feature","id":1410,"properties":{"sid":1410,"lb_mm":0,"exact":0,"gw_mm":73047,"detail_id":1410},"geometry":{"type":"LineString","coordinates":[[-87.76963310927873,41.877019166075755],[-87.76966040901792,41.8776765112023]]}},{"type":"Feature","id":1411,"properties":{"sid":1411,"lb_mm":0,"exact":0,"gw_mm":275808,"detail_id":1411},"geometry":{"type":"LineString","coordinates":[[-87.76966040901792,41.8776765112023],[-87.76975342271392,41.88015870352575]]}},{"type":"Feature","id":1412,"properties":{"sid":1412,"lb_mm":0,"exact":0,"gw_mm":138757,"detail_id":1412},"geometry":{"type":"LineString","coordinates":[[-87.76969554739897,41.9126083890399],[-87.76802330313409,41.91263009131425]]}},{"type":"Feature","id":1413,"properties":{"sid":1413,"lb_mm":0,"exact":0,"gw_mm":222927,"detail_id":1413},"geometry":{"type":"LineString","coordinates":[[-87.76975342271392,41.88015870352575],[-87.76982047018677,41.88216514776767]]}},{"type":"Feature","id":1414,"properties":{"sid":1414,"lb_mm":0,"exact":0,"gw_mm":218100,"detail_id":1414},"geometry":{"type":"LineString","coordinates":[[-87.76982047018677,41.88216514776767],[-87.7698888250402,41.88412809314704]]}},{"type":"Feature","id":1415,"properties":{"sid":1415,"lb_mm":0,"exact":0,"gw_mm":167701,"detail_id":1415},"geometry":{"type":"LineString","coordinates":[[-87.7698888250402,41.88412809314704],[-87.76994128233758,41.88563743767678]]}},{"type":"Feature","id":1416,"properties":{"sid":1416,"lb_mm":0,"exact":0,"gw_mm":11375,"detail_id":1416},"geometry":{"type":"LineString","coordinates":[[-87.76990540834905,41.887758714203684],[-87.76989547164996,41.88786085875411]]}},{"type":"Feature","id":1417,"properties":{"sid":1417,"lb_mm":0,"exact":0,"gw_mm":158877,"detail_id":1417},"geometry":{"type":"LineString","coordinates":[[-87.76994128233758,41.88563743767678],[-87.76999345307813,41.88706731260176]]}},{"type":"Feature","id":1418,"properties":{"sid":1418,"lb_mm":0,"exact":0,"gw_mm":9644,"detail_id":1418},"geometry":{"type":"LineString","coordinates":[[-87.76999345307813,41.88706731260176],[-87.76999768023636,41.887154079486265]]}},{"type":"Feature","id":1419,"properties":{"sid":1419,"lb_mm":0,"exact":0,"gw_mm":43480,"detail_id":1419},"geometry":{"type":"LineString","coordinates":[[-87.76999768023636,41.887154079486265],[-87.77000651340921,41.887545487950526]]}},{"type":"Feature","id":1420,"properties":{"sid":1420,"lb_mm":0,"exact":0,"gw_mm":25126,"detail_id":1420},"geometry":{"type":"LineString","coordinates":[[-87.77000651340921,41.887545487950526],[-87.76990540834905,41.887758714203684]]}},{"type":"Feature","id":1421,"properties":{"sid":1421,"lb_mm":0,"exact":0,"gw_mm":57596,"detail_id":1421},"geometry":{"type":"LineString","coordinates":[[-87.77038967699721,41.912599538704995],[-87.76969554739897,41.9126083890399]]}},{"type":"Feature","id":1422,"properties":{"sid":1422,"lb_mm":0,"exact":0,"gw_mm":403233,"detail_id":1422},"geometry":{"type":"LineString","coordinates":[[-87.77097357105185,41.92754922855708],[-87.76611301454021,41.927619787945524]]}},{"type":"Feature","id":1423,"properties":{"sid":1423,"lb_mm":0,"exact":0,"gw_mm":201678,"detail_id":1423},"geometry":{"type":"LineString","coordinates":[[-87.77148742781192,41.94216124427837],[-87.76905571118702,41.94219028237991]]}},{"type":"Feature","id":1424,"properties":{"sid":1424,"lb_mm":0,"exact":0,"gw_mm":97458,"detail_id":1424},"geometry":{"type":"LineString","coordinates":[[-87.77156422042458,41.9125853195942],[-87.77038967699721,41.912599538704995]]}},{"type":"Feature","id":1425,"properties":{"sid":1425,"lb_mm":0,"exact":0,"gw_mm":39778,"detail_id":1425},"geometry":{"type":"LineString","coordinates":[[-87.77157953466747,41.91294326986663],[-87.77156422042458,41.9125853195942]]}},{"type":"Feature","id":1426,"properties":{"sid":1426,"lb_mm":0,"exact":0,"gw_mm":104063,"detail_id":1426},"geometry":{"type":"LineString","coordinates":[[-87.77283364234974,41.912926151560654],[-87.77157953466747,41.91294326986663]]}},{"type":"Feature","id":1427,"properties":{"sid":1427,"lb_mm":0,"exact":0,"gw_mm":201628,"detail_id":1427},"geometry":{"type":"LineString","coordinates":[[-87.77391852193873,41.94213144217235],[-87.77148742781192,41.94216124427837]]}},{"type":"Feature","id":1428,"properties":{"sid":1428,"lb_mm":0,"exact":0,"gw_mm":103785,"detail_id":1428},"geometry":{"type":"LineString","coordinates":[[-87.7740844287122,41.91291012430088],[-87.77283364234974,41.912926151560654]]}},{"type":"Feature","id":1429,"properties":{"sid":1429,"lb_mm":0,"exact":0,"gw_mm":90313,"detail_id":1429},"geometry":{"type":"LineString","coordinates":[[-87.77517283463244,41.912895562175216],[-87.7740844287122,41.91291012430088]]}},{"type":"Feature","id":1430,"properties":{"sid":1430,"lb_mm":0,"exact":0,"gw_mm":13714,"detail_id":1430},"geometry":{"type":"LineString","coordinates":[[-87.77533813514123,41.91289602882975],[-87.77517283463244,41.912895562175216]]}},{"type":"Feature","id":1431,"properties":{"sid":1431,"lb_mm":0,"exact":0,"gw_mm":804764,"detail_id":1431},"geometry":{"type":"LineString","coordinates":[[-87.77547653742994,41.90561734386471],[-87.76577908024335,41.90575101397401]]}},{"type":"Feature","id":1432,"properties":{"sid":1432,"lb_mm":0,"exact":0,"gw_mm":13130,"detail_id":1432},"geometry":{"type":"LineString","coordinates":[[-87.77549639405017,41.91289647544369],[-87.77533813514123,41.91289602882975]]}},{"type":"Feature","id":1433,"properties":{"sid":1433,"lb_mm":0,"exact":0,"gw_mm":804508,"detail_id":1433},"geometry":{"type":"LineString","coordinates":[[-87.77553682101797,41.90743166861992],[-87.76584200421674,41.90755806195219]]}},{"type":"Feature","id":1434,"properties":{"sid":1434,"lb_mm":0,"exact":0,"gw_mm":403356,"detail_id":1434},"geometry":{"type":"LineString","coordinates":[[-87.77583553750613,41.92747618067749],[-87.77097357105185,41.92754922855708]]}},{"type":"Feature","id":1435,"properties":{"sid":1435,"lb_mm":0,"exact":0,"gw_mm":201755,"detail_id":1435},"geometry":{"type":"LineString","coordinates":[[-87.77635120163008,41.94210405058485],[-87.77391852193873,41.94213144217235]]}},{"type":"Feature","id":1436,"properties":{"sid":1436,"lb_mm":0,"exact":0,"gw_mm":87700,"detail_id":1436},"geometry":{"type":"LineString","coordinates":[[-87.77655332984423,41.91288313656588],[-87.77549639405017,41.91289647544369]]}},{"type":"Feature","id":1437,"properties":{"sid":1437,"lb_mm":0,"exact":0,"gw_mm":33307,"detail_id":1437},"geometry":{"type":"LineString","coordinates":[[-87.77695475167864,41.91287846120042],[-87.77655332984423,41.91288313656588]]}},{"type":"Feature","id":1438,"properties":{"sid":1438,"lb_mm":0,"exact":0,"gw_mm":67160,"detail_id":1438},"geometry":{"type":"LineString","coordinates":[[-87.77776414453312,41.912868349249855],[-87.77695475167864,41.91287846120042]]}},{"type":"Feature","id":1439,"properties":{"sid":1439,"lb_mm":0,"exact":0,"gw_mm":201824,"detail_id":1439},"geometry":{"type":"LineString","coordinates":[[-87.77878464759726,41.94207372738074],[-87.77635120163008,41.94210405058485]]}},{"type":"Feature","id":1440,"properties":{"sid":1440,"lb_mm":0,"exact":0,"gw_mm":100892,"detail_id":1440},"geometry":{"type":"LineString","coordinates":[[-87.77898006768521,41.9128530705378],[-87.77776414453312,41.912868349249855]]}},{"type":"Feature","id":1441,"properties":{"sid":1441,"lb_mm":0,"exact":0,"gw_mm":302598,"detail_id":1441},"geometry":{"type":"LineString","coordinates":[[-87.77948298143907,41.92742113737143],[-87.77583553750613,41.92747618067749]]}},{"type":"Feature","id":1442,"properties":{"sid":1442,"lb_mm":0,"exact":0,"gw_mm":103036,"detail_id":1442},"geometry":{"type":"LineString","coordinates":[[-87.78022185168635,41.91283846803186],[-87.77898006768521,41.9128530705378]]}},{"type":"Feature","id":1443,"properties":{"sid":1443,"lb_mm":0,"exact":0,"gw_mm":78129,"detail_id":1443},"geometry":{"type":"LineString","coordinates":[[-87.7811634540151,41.91282702054532],[-87.78022185168635,41.91283846803186]]}},{"type":"Feature","id":1444,"properties":{"sid":1444,"lb_mm":0,"exact":0,"gw_mm":201477,"detail_id":1444},"geometry":{"type":"LineString","coordinates":[[-87.78121397848022,41.94204656050236],[-87.77878464759726,41.94207372738074]]}},{"type":"Feature","id":1445,"properties":{"sid":1445,"lb_mm":0,"exact":0,"gw_mm":201611,"detail_id":1445},"geometry":{"type":"LineString","coordinates":[[-87.78191315239047,41.92738483592561],[-87.77948298143907,41.92742113737143]]}},{"type":"Feature","id":1446,"properties":{"sid":1446,"lb_mm":0,"exact":0,"gw_mm":116475,"detail_id":1446},"geometry":{"type":"LineString","coordinates":[[-87.78256720195061,41.91281010663849],[-87.7811634540151,41.91282702054532]]}},{"type":"Feature","id":1447,"properties":{"sid":1447,"lb_mm":0,"exact":0,"gw_mm":73632,"detail_id":1447},"geometry":{"type":"LineString","coordinates":[[-87.78345459284651,41.91279856039477],[-87.78256720195061,41.91281010663849]]}},{"type":"Feature","id":1448,"properties":{"sid":1448,"lb_mm":0,"exact":0,"gw_mm":202031,"detail_id":1448},"geometry":{"type":"LineString","coordinates":[[-87.78364999948391,41.94201976499077],[-87.78121397848022,41.94204656050236]]}},{"type":"Feature","id":1449,"properties":{"sid":1449,"lb_mm":0,"exact":0,"gw_mm":115608,"detail_id":1449},"geometry":{"type":"LineString","coordinates":[[-87.78484784751502,41.91278016382665],[-87.78345459284651,41.91279856039477]]}},{"type":"Feature","id":1450,"properties":{"sid":1450,"lb_mm":0,"exact":0,"gw_mm":22041,"detail_id":1450},"geometry":{"type":"LineString","coordinates":[[-87.7851132761131,41.912771675295765],[-87.78484784751502,41.91278016382665]]}},{"type":"Feature","id":1451,"properties":{"sid":1451,"lb_mm":0,"exact":0,"gw_mm":304014,"detail_id":1451},"geometry":{"type":"LineString","coordinates":[[-87.78557768501466,41.927330604797454],[-87.78191315239047,41.92738483592561]]}},{"type":"Feature","id":1452,"properties":{"sid":1452,"lb_mm":0,"exact":0,"gw_mm":211866,"detail_id":1452},"geometry":{"type":"LineString","coordinates":[[-87.78620447502239,41.94198574755094],[-87.78364999948391,41.94201976499077]]}}]}